-- phpMyAdmin SQL Dump
-- version 4.0.10deb1
-- http://www.phpmyadmin.net
--
-- Host: localhost
-- Generation Time: Dec 17, 2015 at 04:32 AM
-- Server version: 5.5.46-0ubuntu0.14.04.2
-- PHP Version: 5.5.9-1ubuntu4.14

SET SQL_MODE = "NO_AUTO_VALUE_ON_ZERO";
SET time_zone = "+00:00";


/*!40101 SET @OLD_CHARACTER_SET_CLIENT=@@CHARACTER_SET_CLIENT */;
/*!40101 SET @OLD_CHARACTER_SET_RESULTS=@@CHARACTER_SET_RESULTS */;
/*!40101 SET @OLD_COLLATION_CONNECTION=@@COLLATION_CONNECTION */;
/*!40101 SET NAMES utf8 */;

--
-- Database: `ikkf05`
--

-- --------------------------------------------------------

--
-- Table structure for table `admin`
--

CREATE TABLE IF NOT EXISTS `admin` (
  `admin_id` int(2) unsigned NOT NULL AUTO_INCREMENT,
  `admin_name` varchar(64) NOT NULL,
  `admin_password` varchar(32) NOT NULL,
  `admin_group` int(1) unsigned NOT NULL DEFAULT '0',
  `admin_last_date` int(4) unsigned NOT NULL DEFAULT '0',
  PRIMARY KEY (`admin_id`)
) ENGINE=MyISAM  DEFAULT CHARSET=utf8 ROW_FORMAT=DYNAMIC AUTO_INCREMENT=3 ;

--
-- Dumping data for table `admin`
--

INSERT INTO `admin` (`admin_id`, `admin_name`, `admin_password`, `admin_group`, `admin_last_date`) VALUES
(1, 'jambik', '27953e5f7f96d6dbd067869af79822b9', 1, 1449684850),
(2, 'musa', 'd6fca9d6186729f765d7c2c0718fe582', 1, 1423398271);

-- --------------------------------------------------------

--
-- Table structure for table `articles`
--

CREATE TABLE IF NOT EXISTS `articles` (
  `article_id` int(11) NOT NULL AUTO_INCREMENT,
  `article_title` varchar(255) NOT NULL,
  `article_text` text NOT NULL,
  `article_order` int(11) NOT NULL,
  PRIMARY KEY (`article_id`)
) ENGINE=MyISAM DEFAULT CHARSET=utf8 AUTO_INCREMENT=1 ;

-- --------------------------------------------------------

--
-- Table structure for table `gallery`
--

CREATE TABLE IF NOT EXISTS `gallery` (
  `gallery_id` int(11) NOT NULL AUTO_INCREMENT,
  `gallery_name` varchar(255) NOT NULL,
  `gallery_text` text NOT NULL,
  `gallery_order` int(2) NOT NULL,
  PRIMARY KEY (`gallery_id`)
) ENGINE=MyISAM  DEFAULT CHARSET=utf8 AUTO_INCREMENT=18 ;

--
-- Dumping data for table `gallery`
--

INSERT INTO `gallery` (`gallery_id`, `gallery_name`, `gallery_text`, `gallery_order`) VALUES
(1, 'Канчо', '', 16),
(2, 'Черные пояса', '', 14),
(3, 'Кубок Мира 2012 - Стамбул', '', 12),
(4, 'Сборы 2012', '', 13),
(5, 'Сборы 2013 - Лето, природа', '', 10),
(6, 'Сборы 2013 - Лето, зал', '', 11),
(7, 'Архив', '', 17),
(8, 'Чемпионат Мира. Баку 2013', '', 9),
(9, 'Зимние сборы 2013 (аттестация)', '', 8),
(12, 'Чемпионат России 2014 Екатеринбург', '', 6),
(11, 'Инструкторские сборы 2014', '', 7),
(13, 'Летние сборы 2014', '', 5),
(14, 'Чемпионат и первенство Европы 2014. Стамбул.', '', 4),
(17, 'Зимние УТС Январь 2015', '', 2),
(16, 'Зимние УТС (аттестация) Декабрь  2014', '', 3);

-- --------------------------------------------------------

--
-- Table structure for table `gallery_images`
--

CREATE TABLE IF NOT EXISTS `gallery_images` (
  `gallery_image_id` int(11) NOT NULL AUTO_INCREMENT,
  `gallery_id` int(11) NOT NULL,
  `image_name` varchar(32) NOT NULL,
  `image_caption` varchar(255) NOT NULL,
  `image_order` int(2) NOT NULL,
  PRIMARY KEY (`gallery_image_id`),
  KEY `item_id` (`gallery_id`)
) ENGINE=MyISAM  DEFAULT CHARSET=utf8 AUTO_INCREMENT=342 ;

--
-- Dumping data for table `gallery_images`
--

INSERT INTO `gallery_images` (`gallery_image_id`, `gallery_id`, `image_name`, `image_caption`, `image_order`) VALUES
(1, 1, 'gallery-1-001.jpg', '', 0),
(2, 1, 'gallery-1-002.jpg', '', 0),
(3, 1, 'gallery-1-003.jpg', '', 0),
(4, 1, 'gallery-1-004.jpg', '', 0),
(5, 1, 'gallery-1-005.jpg', '', 0),
(6, 1, 'gallery-1-006.jpg', '', 0),
(7, 1, 'gallery-1-007.jpg', '', 0),
(8, 1, 'gallery-1-008.jpg', '', 0),
(9, 1, 'gallery-1-009.jpg', '', 0),
(10, 1, 'gallery-1-010.jpg', '', 0),
(11, 1, 'gallery-1-011.jpg', '', 0),
(12, 1, 'gallery-1-012.jpg', '', 0),
(13, 1, 'gallery-1-013.jpg', '', 0),
(14, 1, 'gallery-1-014.jpg', '', 0),
(15, 1, 'gallery-1-015.jpg', '', 0),
(16, 1, 'gallery-1-016.jpg', '', 0),
(17, 2, 'gallery-2-001.jpg', 'Ахкубегов Ахкубег', 0),
(18, 2, 'gallery-2-002.jpg', 'Бахмудов Габиб', 0),
(19, 2, 'gallery-2-003.jpg', 'Джарулаев Джарула', 0),
(20, 2, 'gallery-2-004.jpg', 'Гучаев Руслан', 0),
(21, 2, 'gallery-2-005.jpg', 'Имагазиев Таймазхан', 0),
(22, 2, 'gallery-2-006.jpg', 'Каирбеков Анвар', 0),
(23, 2, 'gallery-2-007.jpg', 'Магомедов Абдулатип', 0),
(24, 2, 'gallery-2-008.jpg', 'Магомедов Расул', 0),
(26, 3, 'gallery-3-001.jpg', '', 0),
(27, 3, 'gallery-3-002.jpg', '', 0),
(28, 3, 'gallery-3-003.jpg', '', 0),
(29, 3, 'gallery-3-004.jpg', '', 0),
(30, 3, 'gallery-3-005.jpg', '', 0),
(31, 3, 'gallery-3-006.jpg', '', 0),
(32, 3, 'gallery-3-007.jpg', '', 0),
(33, 3, 'gallery-3-008.jpg', '', 0),
(34, 3, 'gallery-3-009.jpg', '', 0),
(35, 3, 'gallery-3-010.jpg', '', 0),
(36, 3, 'gallery-3-011.jpg', '', 0),
(37, 3, 'gallery-3-020.jpg', '', 0),
(38, 3, 'gallery-3-021.jpg', '', 0),
(39, 3, 'gallery-3-022.jpg', '', 0),
(40, 3, 'gallery-3-023.jpg', '', 0),
(41, 3, 'gallery-3-024.jpg', '', 0),
(42, 3, 'gallery-3-025.jpg', '', 0),
(43, 3, 'gallery-3-026.jpg', '', 0),
(44, 3, 'gallery-3-027.jpg', '', 0),
(45, 3, 'gallery-3-028.jpg', '', 0),
(46, 3, 'gallery-3-029.jpg', '', 0),
(47, 4, 'gallery-4-001.jpg', '', 0),
(48, 4, 'gallery-4-002.jpg', '', 0),
(49, 4, 'gallery-4-003.jpg', '', 0),
(50, 4, 'gallery-4-004.jpg', '', 0),
(51, 4, 'gallery-4-005.jpg', '', 0),
(52, 4, 'gallery-4-006.jpg', '', 0),
(53, 4, 'gallery-4-007.jpg', '', 0),
(54, 4, 'gallery-4-008.jpg', '', 0),
(55, 4, 'gallery-4-009.jpg', '', 0),
(56, 4, 'gallery-4-010.jpg', '', 0),
(57, 4, 'gallery-4-011.jpg', '', 0),
(58, 4, 'gallery-4-012.jpg', '', 0),
(59, 5, 'gallery-5-001.jpg', '', 0),
(60, 5, 'gallery-5-002.jpg', '', 0),
(61, 5, 'gallery-5-003.jpg', '', 0),
(62, 5, 'gallery-5-004.jpg', '', 0),
(63, 5, 'gallery-5-005.jpg', '', 0),
(64, 5, 'gallery-5-006.jpg', '', 0),
(65, 5, 'gallery-5-007.jpg', '', 0),
(66, 5, 'gallery-5-008.jpg', '', 0),
(67, 5, 'gallery-5-009.jpg', '', 0),
(68, 5, 'gallery-5-010.jpg', '', 0),
(69, 5, 'gallery-5-011.jpg', '', 0),
(70, 5, 'gallery-5-012.jpg', '', 0),
(71, 5, 'gallery-5-013.jpg', '', 0),
(72, 5, 'gallery-5-014.jpg', '', 0),
(73, 6, 'gallery-6-001.jpg', '', 0),
(74, 6, 'gallery-6-002.jpg', '', 0),
(75, 6, 'gallery-6-003.jpg', '', 0),
(76, 6, 'gallery-6-004.jpg', '', 0),
(77, 6, 'gallery-6-005.jpg', '', 0),
(78, 6, 'gallery-6-006.jpg', '', 0),
(79, 6, 'gallery-6-007.jpg', '', 0),
(80, 6, 'gallery-6-008.jpg', '', 0),
(81, 6, 'gallery-6-009.jpg', '', 0),
(82, 7, 'gallery-7-001.jpg', '', 0),
(83, 5, 'gallery-5-015.jpg', '', 0),
(84, 5, 'gallery-5-016.jpg', '', 0),
(85, 5, 'gallery-5-017.jpg', '', 0),
(86, 5, 'gallery-5-018.jpg', '', 0),
(91, 5, 'gallery-5-019.jpg', '', 0),
(92, 5, 'gallery-5-020.jpg', '', 0),
(93, 5, 'gallery-5-021.jpg', '', 0),
(94, 3, 'gallery-3-030.jpg', '', 0),
(95, 3, 'gallery-3-031.jpg', '', 0),
(96, 3, 'gallery-3-032.jpg', '', 0),
(97, 3, 'gallery-3-033.jpg', '', 0),
(98, 3, 'gallery-3-034.jpg', '', 0),
(99, 3, 'gallery-3-035.jpg', '', 0),
(100, 3, 'gallery-3-036.jpg', '', 0),
(101, 8, 'gallery-8-001.jpg', '', 0),
(102, 8, 'gallery-8-002.jpg', '', 0),
(103, 8, 'gallery-8-003.jpg', '', 0),
(104, 8, 'gallery-8-004.jpg', '', 0),
(105, 8, 'gallery-8-005.jpg', '', 0),
(106, 8, 'gallery-8-006.jpg', '', 0),
(107, 8, 'gallery-8-007.jpg', '', 0),
(108, 8, 'gallery-8-008.jpg', '', 0),
(109, 8, 'gallery-8-009.jpg', '', 0),
(110, 8, 'gallery-8-010.jpg', '', 0),
(111, 8, 'gallery-8-011.jpg', '', 0),
(112, 8, 'gallery-8-012.jpg', '', 0),
(113, 8, 'gallery-8-013.jpg', '', 0),
(114, 8, 'gallery-8-014.jpg', '', 0),
(115, 8, 'gallery-8-015.jpg', '', 0),
(116, 8, 'gallery-8-016.jpg', '', 0),
(117, 8, 'gallery-8-017.jpg', '', 0),
(118, 8, 'gallery-8-018.jpg', '', 0),
(119, 8, 'gallery-8-019.jpg', '', 0),
(137, 9, 'gallery-9-001.jpg', '', 0),
(121, 9, 'gallery-9-002.jpg', '', 0),
(122, 9, 'gallery-9-003.jpg', '', 0),
(123, 9, 'gallery-9-004.jpg', '', 0),
(124, 9, 'gallery-9-005.jpg', '', 0),
(125, 9, 'gallery-9-006.jpg', '', 0),
(126, 9, 'gallery-9-007.jpg', '', 0),
(127, 9, 'gallery-9-008.jpg', '', 0),
(128, 9, 'gallery-9-009.jpg', '', 0),
(129, 9, 'gallery-9-010.jpg', '', 0),
(130, 9, 'gallery-9-011.jpg', '', 0),
(131, 9, 'gallery-9-012.jpg', '', 0),
(132, 9, 'gallery-9-013.jpg', '', 0),
(133, 9, 'gallery-9-014.jpg', '', 0),
(134, 9, 'gallery-9-015.jpg', '', 0),
(135, 9, 'gallery-9-016.jpg', '', 0),
(136, 9, 'gallery-9-017.jpg', '', 0),
(147, 11, 'gallery-11-003.jpg', '', 0),
(146, 11, 'gallery-11-002.jpg', '', 0),
(145, 11, 'gallery-11-001.jpg', '', 0),
(148, 11, 'gallery-11-004.jpg', '', 0),
(149, 11, 'gallery-11-005.jpg', '', 0),
(150, 11, 'gallery-11-006.jpg', '', 0),
(151, 11, 'gallery-11-007.jpg', '', 0),
(152, 11, 'gallery-11-008.jpg', '', 0),
(153, 11, 'gallery-11-009.jpg', '', 0),
(154, 11, 'gallery-11-010.jpg', '', 0),
(155, 11, 'gallery-11-011.jpg', '', 0),
(156, 11, 'gallery-11-012.jpg', '', 0),
(157, 11, 'gallery-11-013.jpg', '', 0),
(158, 11, 'gallery-11-014.jpg', '', 0),
(159, 11, 'gallery-11-015.jpg', '', 0),
(160, 11, 'gallery-11-016.jpg', '', 0),
(161, 11, 'gallery-11-017.jpg', '', 0),
(162, 11, 'gallery-11-018.jpg', '', 0),
(163, 11, 'gallery-11-019.jpg', '', 0),
(164, 11, 'gallery-11-020.jpg', '', 0),
(165, 11, 'gallery-11-021.jpg', '', 0),
(166, 11, 'gallery-11-022.jpg', '', 0),
(167, 11, 'gallery-11-023.jpg', '', 0),
(168, 11, 'gallery-11-024.jpg', '', 0),
(169, 11, 'gallery-11-025.jpg', '', 0),
(170, 11, 'gallery-11-026.jpg', '', 0),
(171, 11, 'gallery-11-027.jpg', '', 0),
(172, 12, 'gallery-12-001.jpg', '', 0),
(173, 12, 'gallery-12-002.jpg', '', 0),
(174, 12, 'gallery-12-003.jpg', '', 0),
(175, 12, 'gallery-12-004.jpg', '', 0),
(176, 12, 'gallery-12-005.jpg', '', 0),
(177, 12, 'gallery-12-006.jpg', '', 0),
(178, 12, 'gallery-12-007.jpg', '', 0),
(179, 12, 'gallery-12-008.jpg', '', 0),
(180, 12, 'gallery-12-009.jpg', '', 0),
(181, 12, 'gallery-12-010.jpg', '', 0),
(182, 12, 'gallery-12-011.jpg', '', 0),
(183, 12, 'gallery-12-012.jpg', '', 0),
(184, 12, 'gallery-12-013.jpg', '', 0),
(185, 12, 'gallery-12-014.jpg', '', 0),
(186, 12, 'gallery-12-015.jpg', '', 0),
(187, 12, 'gallery-12-016.jpg', '', 0),
(188, 12, 'gallery-12-017.jpg', '', 0),
(189, 12, 'gallery-12-018.jpg', '', 0),
(190, 12, 'gallery-12-019.jpg', '', 0),
(191, 12, 'gallery-12-020.jpg', '', 0),
(192, 12, 'gallery-12-021.jpg', '', 0),
(193, 12, 'gallery-12-022.jpg', '', 0),
(194, 12, 'gallery-12-023.jpg', '', 0),
(195, 12, 'gallery-12-024.jpg', '', 0),
(196, 12, 'gallery-12-025.jpg', '', 0),
(197, 12, 'gallery-12-026.jpg', '', 0),
(198, 12, 'gallery-12-027.jpg', '', 0),
(199, 12, 'gallery-12-028.jpg', '', 0),
(200, 12, 'gallery-12-029.jpg', '', 0),
(201, 12, 'gallery-12-030.jpg', '', 0),
(202, 12, 'gallery-12-031.jpg', '', 0),
(203, 13, 'gallery-13-001.jpg', '', 0),
(204, 13, 'gallery-13-002.jpg', '', 0),
(205, 13, 'gallery-13-003.jpg', '', 0),
(206, 13, 'gallery-13-004.jpg', '', 0),
(207, 13, 'gallery-13-005.jpg', '', 0),
(208, 13, 'gallery-13-006.jpg', '', 0),
(209, 13, 'gallery-13-007.jpg', '', 0),
(210, 13, 'gallery-13-008.jpg', '', 0),
(211, 13, 'gallery-13-009.jpg', '', 0),
(212, 13, 'gallery-13-010.jpg', '', 0),
(213, 13, 'gallery-13-011.jpg', '', 0),
(214, 13, 'gallery-13-012.jpg', '', 0),
(215, 13, 'gallery-13-013.jpg', '', 0),
(216, 13, 'gallery-13-014.jpg', '', 0),
(217, 13, 'gallery-13-015.jpg', '', 0),
(218, 13, 'gallery-13-016.jpg', '', 0),
(219, 13, 'gallery-13-017.jpg', '', 0),
(220, 13, 'gallery-13-018.jpg', '', 0),
(221, 13, 'gallery-13-019.jpg', '', 0),
(222, 13, 'gallery-13-020.jpg', '', 0),
(223, 13, 'gallery-13-021.jpg', '', 0),
(224, 13, 'gallery-13-022.jpg', '', 0),
(225, 13, 'gallery-13-023.jpg', '', 0),
(226, 13, 'gallery-13-024.jpg', '', 0),
(227, 13, 'gallery-13-025.jpg', '', 0),
(228, 13, 'gallery-13-026.jpg', '', 0),
(229, 13, 'gallery-13-027.jpg', '', 0),
(230, 13, 'gallery-13-028.jpg', '', 0),
(231, 13, 'gallery-13-029.jpg', '', 0),
(232, 14, 'gallery-14-001.jpg', '', 0),
(233, 14, 'gallery-14-002.jpg', '', 0),
(234, 14, 'gallery-14-003.jpg', '', 0),
(235, 14, 'gallery-14-004.jpg', '', 0),
(236, 14, 'gallery-14-005.jpg', '', 0),
(237, 14, 'gallery-14-006.jpg', '', 0),
(238, 14, 'gallery-14-007.jpg', '', 0),
(239, 14, 'gallery-14-008.jpg', '', 0),
(240, 14, 'gallery-14-009.jpg', '', 0),
(241, 14, 'gallery-14-010.jpg', '', 0),
(242, 14, 'gallery-14-011.jpg', '', 0),
(243, 14, 'gallery-14-012.jpg', '', 0),
(244, 14, 'gallery-14-013.jpg', '', 0),
(245, 14, 'gallery-14-014.jpg', '', 0),
(246, 14, 'gallery-14-015.jpg', '', 0),
(247, 14, 'gallery-14-016.jpg', '', 0),
(248, 14, 'gallery-14-017.jpg', '', 0),
(249, 14, 'gallery-14-018.jpg', '', 0),
(250, 14, 'gallery-14-019.jpg', '', 0),
(251, 14, 'gallery-14-020.jpg', '', 0),
(252, 14, 'gallery-14-021.jpg', '', 0),
(253, 14, 'gallery-14-022.jpg', '', 0),
(254, 14, 'gallery-14-023.jpg', '', 0),
(255, 14, 'gallery-14-024.jpg', '', 0),
(256, 14, 'gallery-14-025.jpg', '', 0),
(257, 14, 'gallery-14-026.jpg', '', 0),
(258, 14, 'gallery-14-027.jpg', '', 0),
(259, 14, 'gallery-14-028.jpg', '', 0),
(260, 14, 'gallery-14-029.jpg', '', 0),
(261, 14, 'gallery-14-030.jpg', '', 0),
(262, 14, 'gallery-14-031.jpg', '', 0),
(263, 14, 'gallery-14-032.jpg', '', 0),
(264, 14, 'gallery-14-033.jpg', '', 0),
(265, 14, 'gallery-14-034.jpg', '', 0),
(266, 14, 'gallery-14-035.jpg', '', 0),
(267, 14, 'gallery-14-036.jpg', '', 0),
(268, 14, 'gallery-14-037.jpg', '', 0),
(269, 14, 'gallery-14-038.jpg', '', 0),
(270, 14, 'gallery-14-039.jpg', '', 0),
(271, 14, 'gallery-14-040.jpg', '', 0),
(272, 16, 'gallery-16-001.jpg', '', 0),
(273, 16, 'gallery-16-002.jpg', '', 0),
(274, 16, 'gallery-16-003.jpg', '', 0),
(275, 16, 'gallery-16-004.jpg', '', 0),
(276, 16, 'gallery-16-005.jpg', '', 0),
(277, 16, 'gallery-16-006.jpg', '', 0),
(278, 16, 'gallery-16-007.jpg', '', 0),
(279, 16, 'gallery-16-008.jpg', '', 0),
(280, 16, 'gallery-16-009.jpg', '', 0),
(281, 16, 'gallery-16-010.jpg', '', 0),
(282, 16, 'gallery-16-011.jpg', '', 0),
(283, 16, 'gallery-16-012.jpg', '', 0),
(284, 16, 'gallery-16-013.jpg', '', 0),
(285, 16, 'gallery-16-014.jpg', '', 0),
(286, 16, 'gallery-16-015.jpg', '', 0),
(287, 16, 'gallery-16-016.jpg', '', 0),
(288, 16, 'gallery-16-017.jpg', '', 0),
(289, 16, 'gallery-16-018.jpg', '', 0),
(290, 16, 'gallery-16-019.jpg', '', 0),
(291, 16, 'gallery-16-020.jpg', '', 0),
(292, 16, 'gallery-16-021.jpg', '', 0),
(293, 16, 'gallery-16-022.jpg', '', 0),
(294, 16, 'gallery-16-023.jpg', '', 0),
(295, 16, 'gallery-16-024.jpg', '', 0),
(296, 16, 'gallery-16-025.jpg', '', 0),
(297, 16, 'gallery-16-026.jpg', '', 0),
(298, 16, 'gallery-16-027.jpg', '', 0),
(299, 16, 'gallery-16-028.jpg', '', 0),
(300, 16, 'gallery-16-029.jpg', '', 0),
(301, 16, 'gallery-16-030.jpg', '', 0),
(302, 16, 'gallery-16-031.jpg', '', 0),
(303, 16, 'gallery-16-032.jpg', '', 0),
(304, 16, 'gallery-16-033.jpg', '', 0),
(305, 16, 'gallery-16-034.jpg', '', 0),
(306, 16, 'gallery-16-035.jpg', '', 0),
(307, 16, 'gallery-16-036.jpg', '', 0),
(308, 16, 'gallery-16-037.jpg', '', 0),
(309, 16, 'gallery-16-038.jpg', '', 0),
(310, 16, 'gallery-16-039.jpg', '', 0),
(311, 16, 'gallery-16-040.jpg', '', 0),
(312, 16, 'gallery-16-041.jpg', '', 0),
(313, 16, 'gallery-16-042.jpg', '', 0),
(314, 16, 'gallery-16-043.jpg', '', 0),
(315, 16, 'gallery-16-044.jpg', '', 0),
(316, 16, 'gallery-16-045.jpg', '', 0),
(317, 16, 'gallery-16-046.jpg', '', 0),
(318, 16, 'gallery-16-047.jpg', '', 0),
(319, 17, 'gallery-17-001.jpg', '', 0),
(320, 17, 'gallery-17-002.jpg', '', 0),
(321, 17, 'gallery-17-003.jpg', '', 0),
(322, 17, 'gallery-17-004.jpg', '', 0),
(323, 17, 'gallery-17-005.jpg', '', 0),
(324, 17, 'gallery-17-006.jpg', '', 0),
(325, 17, 'gallery-17-007.jpg', '', 0),
(326, 17, 'gallery-17-008.jpg', '', 0),
(327, 17, 'gallery-17-009.jpg', '', 0),
(328, 17, 'gallery-17-010.jpg', '', 0),
(329, 17, 'gallery-17-011.jpg', '', 0),
(330, 17, 'gallery-17-012.jpg', '', 0),
(331, 17, 'gallery-17-013.jpg', '', 0),
(332, 17, 'gallery-17-014.jpg', '', 0),
(333, 17, 'gallery-17-015.jpg', '', 0),
(334, 17, 'gallery-17-016.jpg', '', 0),
(335, 17, 'gallery-17-017.jpg', '', 0),
(336, 17, 'gallery-17-018.jpg', '', 0),
(337, 17, 'gallery-17-019.jpg', '', 0),
(338, 17, 'gallery-17-020.jpg', '', 0),
(339, 17, 'gallery-17-021.jpg', '', 0),
(340, 17, 'gallery-17-022.jpg', '', 0),
(341, 17, 'gallery-17-023.jpg', '', 0);

-- --------------------------------------------------------

--
-- Table structure for table `log`
--

CREATE TABLE IF NOT EXISTS `log` (
  `log_id` int(11) NOT NULL AUTO_INCREMENT,
  `log_admin` varchar(128) NOT NULL,
  `log_status` int(11) NOT NULL,
  `log_php_self` varchar(255) NOT NULL,
  `log_text` text NOT NULL,
  `log_file` varchar(255) NOT NULL,
  `log_line` int(11) NOT NULL,
  `log_sql_code` varchar(16) NOT NULL,
  `log_sql_message` text NOT NULL,
  `log_date` int(11) NOT NULL,
  PRIMARY KEY (`log_id`)
) ENGINE=MyISAM  DEFAULT CHARSET=utf8 AUTO_INCREMENT=462 ;

--
-- Dumping data for table `log`
--

INSERT INTO `log` (`log_id`, `log_admin`, `log_status`, `log_php_self`, `log_text`, `log_file`, `log_line`, `log_sql_code`, `log_sql_message`, `log_date`) VALUES
(1, 'jambik', 1, '/admin/log.php', 'Все записи очищены', '/home/ikkf05/ikkf05.ru/docs/includes/class.base.php', 898, '', '', 1385012737),
(2, 'jambik', 1, '/admin/gallery.php', 'Запись #5 обновлена', '/home/ikkf05/ikkf05.ru/docs/includes/class.base.php', 185, '', '', 1385013290),
(3, 'jambik', 1, '/admin/gallery.php', 'Файл IMG_0276.JPG загружен на сервер', '/home/ikkf05/ikkf05.ru/docs/includes/class.base.php', 1071, '', '', 1385013290),
(4, 'jambik', 1, '/admin/gallery.php', 'Файл IMG_0379.JPG загружен на сервер', '/home/ikkf05/ikkf05.ru/docs/includes/class.base.php', 1071, '', '', 1385013292),
(5, 'jambik', 1, '/admin/gallery.php', 'Файл IMG_0511.JPG загружен на сервер', '/home/ikkf05/ikkf05.ru/docs/includes/class.base.php', 1071, '', '', 1385013293),
(6, 'jambik', 1, '/admin/gallery.php', 'Запись #6 обновлена', '/home/ikkf05/ikkf05.ru/docs/includes/class.base.php', 185, '', '', 1385013422),
(7, 'jambik', 1, '/admin/gallery.php', 'Файл IMG_1270.JPG загружен на сервер', '/home/ikkf05/ikkf05.ru/docs/includes/class.base.php', 1071, '', '', 1385013422),
(8, 'jambik', 1, '/admin/gallery.php', 'Запись #6 обновлена', '/home/ikkf05/ikkf05.ru/docs/includes/class.base.php', 185, '', '', 1385013433),
(9, 'jambik', 1, '/admin/gallery.php', 'Файл IMG_1270.JPG загружен на сервер', '/home/ikkf05/ikkf05.ru/docs/includes/class.base.php', 1071, '', '', 1385013433),
(10, 'jambik', 1, '/admin/gallery.php', 'Запись #6 обновлена', '/home/ikkf05/ikkf05.ru/docs/includes/class.base.php', 185, '', '', 1385013459),
(11, 'jambik', 1, '/admin/gallery.php', 'Файл IMG_1270.JPG загружен на сервер', '/home/ikkf05/ikkf05.ru/docs/includes/class.base.php', 1071, '', '', 1385013459),
(12, 'jambik', 1, '/admin/gallery.php', 'Запись #5 обновлена', '/home/ikkf05/ikkf05.ru/docs/includes/class.base.php', 185, '', '', 1385013565),
(13, 'jambik', 1, '/admin/gallery.php', 'Файл IMG_1270.JPG загружен на сервер', '/home/ikkf05/ikkf05.ru/docs/includes/class.base.php', 1071, '', '', 1385013565),
(14, 'jambik', 1, '/admin/gallery.php', 'Запись #5 обновлена', '/home/ikkf05/ikkf05.ru/docs/includes/class.base.php', 185, '', '', 1385013607),
(15, 'jambik', 1, '/admin/gallery.php', 'Файл IMG_0350.JPG загружен на сервер', '/home/ikkf05/ikkf05.ru/docs/includes/class.base.php', 1071, '', '', 1385013607),
(16, 'jambik', 1, '/admin/gallery.php', 'Запись #3 обновлена', '/home/ikkf05/ikkf05.ru/docs/includes/class.base.php', 185, '', '', 1385013718),
(17, 'jambik', 1, '/admin/gallery.php', 'Файл IMG_0220.JPG загружен на сервер', '/home/ikkf05/ikkf05.ru/docs/includes/class.base.php', 1071, '', '', 1385013718),
(18, 'jambik', 1, '/admin/gallery.php', 'Запись #6 обновлена', '/home/ikkf05/ikkf05.ru/docs/includes/class.base.php', 185, '', '', 1385014072),
(19, 'jambik', 1, '/admin/gallery.php', 'Файл IMG_1273.JPG загружен на сервер', '/home/ikkf05/ikkf05.ru/docs/includes/class.base.php', 1071, '', '', 1385014072),
(20, 'jambik', 1, '/admin/gallery.php', 'Запись #6 обновлена', '/home/ikkf05/ikkf05.ru/docs/includes/class.base.php', 185, '', '', 1385014079),
(21, 'jambik', 1, '/admin/gallery.php', 'Файл IMG_1273.JPG загружен на сервер', '/home/ikkf05/ikkf05.ru/docs/includes/class.base.php', 1071, '', '', 1385014079),
(22, 'jambik', 2, '/admin/gallery.php', '4', '/home/ikkf05/ikkf05.ru/docs/includes/class.base.php', 1212, '', '', 1385014079),
(23, 'jambik', 2, '/admin/gallery.php', '1', '/home/ikkf05/ikkf05.ru/docs/includes/class.base.php', 1212, '', '', 1385014079),
(24, 'jambik', 1, '/admin/gallery.php', 'Запись #6 обновлена', '/home/ikkf05/ikkf05.ru/docs/includes/class.base.php', 185, '', '', 1385014103),
(25, 'jambik', 1, '/admin/gallery.php', 'Файл IMG_1273.JPG загружен на сервер', '/home/ikkf05/ikkf05.ru/docs/includes/class.base.php', 1071, '', '', 1385014103),
(26, 'jambik', 2, '/admin/gallery.php', '4', '/home/ikkf05/ikkf05.ru/docs/includes/class.base.php', 1212, '', '', 1385014103),
(27, 'jambik', 2, '/admin/gallery.php', '1', '/home/ikkf05/ikkf05.ru/docs/includes/class.base.php', 1212, '', '', 1385014103),
(28, 'jambik', 1, '/admin/gallery.php', 'Запись #6 обновлена', '/home/ikkf05/ikkf05.ru/docs/includes/class.base.php', 185, '', '', 1385014105),
(29, 'jambik', 1, '/admin/gallery.php', 'Файл IMG_1273.JPG загружен на сервер', '/home/ikkf05/ikkf05.ru/docs/includes/class.base.php', 1071, '', '', 1385014105),
(30, 'jambik', 1, '/admin/gallery.php', 'Запись #6 обновлена', '/home/ikkf05/ikkf05.ru/docs/includes/class.base.php', 185, '', '', 1385014596),
(31, 'jambik', 1, '/admin/gallery.php', 'Файл IMG_1270.JPG загружен на сервер', '/home/ikkf05/ikkf05.ru/docs/includes/class.base.php', 1071, '', '', 1385014596),
(32, 'jambik', 1, '/admin/gallery.php', 'Запись #6 обновлена', '/home/ikkf05/ikkf05.ru/docs/includes/class.base.php', 185, '', '', 1385014632),
(33, 'jambik', 1, '/admin/gallery.php', 'Файл galaxy.jpg загружен на сервер', '/home/ikkf05/ikkf05.ru/docs/includes/class.base.php', 1071, '', '', 1385014632),
(34, 'jambik', 1, '/admin/gallery.php', 'Файл galaxy2.jpg загружен на сервер', '/home/ikkf05/ikkf05.ru/docs/includes/class.base.php', 1071, '', '', 1385014632),
(35, '', 2, '/page.php', 'Ошибка при выборе записей', '/home/ikkf05/ikkf05.ru/docs/includes/class.base.php', 721, '1146', 'Table ''ikkf05_db.video'' doesn''t exist', 1385017533),
(36, '', 2, '/page.php', 'Ошибка при выборе записей', '/home/ikkf05/ikkf05.ru/docs/includes/class.base.php', 721, '1146', 'Table ''ikkf05_db.video'' doesn''t exist', 1385017645),
(37, '', 2, '/page.php', 'Ошибка при выборе записей', '/home/ikkf05/ikkf05.ru/docs/includes/class.base.php', 721, '1146', 'Table ''ikkf05_db.video'' doesn''t exist', 1385017650),
(38, 'jambik', 2, '/admin/video.php', 'Ошибка при выборе записей', '/home/ikkf05/ikkf05.ru/docs/includes/class.base.php', 721, '1146', 'Table ''ikkf05_db.video'' doesn''t exist', 1385017659),
(39, 'jambik', 2, '/admin/video.php', 'Ошибка при выборе записей', '/home/ikkf05/ikkf05.ru/docs/includes/class.base.php', 779, '1146', 'Table ''ikkf05_db.video'' doesn''t exist', 1385017659),
(40, 'jambik', 1, '/admin/pages.php', 'Запись #3 обновлена', '/home/ikkf05/ikkf05.ru/docs/includes/class.base.php', 185, '', '', 1385018692),
(41, 'jambik', 1, '/admin/video.php', 'Запись #2 добавлена', '/home/ikkf05/ikkf05.ru/docs/includes/class.base.php', 206, '', '', 1385018831),
(42, 'jambik', 1, '/admin/video.php', 'Запись #1 обновлена', '/home/ikkf05/ikkf05.ru/docs/includes/class.base.php', 185, '', '', 1385018848),
(43, 'jambik', 1, '/admin/video.php', 'Запись #3 добавлена', '/home/ikkf05/ikkf05.ru/docs/includes/class.base.php', 206, '', '', 1385018884),
(44, 'jambik', 1, '/admin/video.php', 'Запись #4 добавлена', '/home/ikkf05/ikkf05.ru/docs/includes/class.base.php', 206, '', '', 1385018917),
(45, 'jambik', 1, '/admin/video.php', 'Запись #5 добавлена', '/home/ikkf05/ikkf05.ru/docs/includes/class.base.php', 206, '', '', 1385018949),
(46, 'jambik', 1, '/admin/pages.php', 'Запись #4 обновлена', '/home/ikkf05/ikkf05.ru/docs/includes/class.base.php', 185, '', '', 1385020919),
(47, 'jambik', 1, '/admin/pages.php', 'Запись #4 обновлена', '/home/ikkf05/ikkf05.ru/docs/includes/class.base.php', 185, '', '', 1385021231),
(48, 'jambik', 1, '/admin/video.php', 'Запись #6 добавлена', '/home/ikkf05/ikkf05.ru/docs/includes/class.base.php', 206, '', '', 1385021563),
(49, 'jambik', 1, '/admin/news.php', 'Запись #3 добавлена', '/home/ikkf05/ikkf05.ru/docs/includes/class.base.php', 206, '', '', 1387812031),
(50, 'jambik', 1, '/admin/news.php', 'Запись #4 добавлена', '/home/ikkf05/ikkf05.ru/docs/includes/class.base.php', 206, '', '', 1387812428),
(51, 'jambik', 1, '/admin/news.php', 'Запись #4 обновлена', '/home/ikkf05/ikkf05.ru/docs/includes/class.base.php', 185, '', '', 1387812822),
(52, 'jambik', 1, '/admin/news.php', 'Запись #4 обновлена', '/home/ikkf05/ikkf05.ru/docs/includes/class.base.php', 185, '', '', 1387812860),
(53, 'jambik', 1, '/admin/news.php', 'Запись #4 обновлена', '/home/ikkf05/ikkf05.ru/docs/includes/class.base.php', 185, '', '', 1387813483),
(54, 'jambik', 1, '/admin/gallery.php', 'Запись #5 обновлена', '/home/ikkf05/ikkf05.ru/docs/includes/class.base.php', 185, '', '', 1387813562),
(55, 'jambik', 1, '/admin/gallery.php', 'Файл IMG-20130628-WA0000.jpg загружен на сервер', '/home/ikkf05/ikkf05.ru/docs/includes/class.base.php', 1071, '', '', 1387813562),
(56, 'jambik', 1, '/admin/gallery.php', 'Файл IMG-20130628-WA0002.jpg загружен на сервер', '/home/ikkf05/ikkf05.ru/docs/includes/class.base.php', 1071, '', '', 1387813562),
(57, 'jambik', 1, '/admin/gallery.php', 'Файл IMG-20130628-WA0004.jpg загружен на сервер', '/home/ikkf05/ikkf05.ru/docs/includes/class.base.php', 1071, '', '', 1387813562),
(58, 'jambik', 1, '/admin/gallery.php', 'Запись #3 обновлена', '/home/ikkf05/ikkf05.ru/docs/includes/class.base.php', 185, '', '', 1387813614),
(59, 'jambik', 1, '/admin/gallery.php', 'Файл 39.jpg загружен на сервер', '/home/ikkf05/ikkf05.ru/docs/includes/class.base.php', 1071, '', '', 1387813614),
(60, 'jambik', 1, '/admin/gallery.php', 'Файл 40.jpg загружен на сервер', '/home/ikkf05/ikkf05.ru/docs/includes/class.base.php', 1071, '', '', 1387813614),
(61, 'jambik', 1, '/admin/gallery.php', 'Файл 41.jpg загружен на сервер', '/home/ikkf05/ikkf05.ru/docs/includes/class.base.php', 1071, '', '', 1387813615),
(62, 'jambik', 1, '/admin/gallery.php', 'Файл 42.jpg загружен на сервер', '/home/ikkf05/ikkf05.ru/docs/includes/class.base.php', 1071, '', '', 1387813615),
(63, 'jambik', 1, '/admin/gallery.php', 'Файл 87.jpg загружен на сервер', '/home/ikkf05/ikkf05.ru/docs/includes/class.base.php', 1071, '', '', 1387813615),
(64, 'jambik', 1, '/admin/gallery.php', 'Файл 137.jpg загружен на сервер', '/home/ikkf05/ikkf05.ru/docs/includes/class.base.php', 1071, '', '', 1387813615),
(65, 'jambik', 1, '/admin/gallery.php', 'Файл 139.jpg загружен на сервер', '/home/ikkf05/ikkf05.ru/docs/includes/class.base.php', 1071, '', '', 1387813616),
(66, 'jambik', 1, '/admin/news.php', 'Запись #5 добавлена', '/home/ikkf05/ikkf05.ru/docs/includes/class.base.php', 206, '', '', 1387814093),
(67, 'jambik', 1, '/admin/news.php', 'Запись #5 обновлена', '/home/ikkf05/ikkf05.ru/docs/includes/class.base.php', 185, '', '', 1387814180),
(68, 'jambik', 1, '/admin/news.php', 'Запись #6 добавлена', '/home/ikkf05/ikkf05.ru/docs/includes/class.base.php', 206, '', '', 1387814572),
(69, 'jambik', 1, '/admin/news.php', 'Запись #6 обновлена', '/home/ikkf05/ikkf05.ru/docs/includes/class.base.php', 185, '', '', 1387814853),
(70, 'jambik', 1, '/admin/news.php', 'Запись #6 обновлена', '/home/ikkf05/ikkf05.ru/docs/includes/class.base.php', 185, '', '', 1387814952),
(71, 'jambik', 1, '/admin/news.php', 'Запись #6 обновлена', '/home/ikkf05/ikkf05.ru/docs/includes/class.base.php', 185, '', '', 1387815017),
(72, 'jambik', 1, '/admin/news.php', 'Запись #6 обновлена', '/home/ikkf05/ikkf05.ru/docs/includes/class.base.php', 185, '', '', 1387882373),
(73, 'jambik', 1, '/admin/news.php', 'Запись #6 обновлена', '/home/ikkf05/ikkf05.ru/docs/includes/class.base.php', 185, '', '', 1387882452),
(74, 'jambik', 1, '/admin/news.php', 'Файл DSC_0315.jpg загружен на сервер', '/home/ikkf05/ikkf05.ru/docs/includes/class.base.php', 1071, '', '', 1387882452),
(75, 'jambik', 1, '/admin/news.php', 'Запись #6 обновлена', '/home/ikkf05/ikkf05.ru/docs/includes/class.base.php', 185, '', '', 1387882460),
(76, 'jambik', 1, '/admin/news.php', 'Файл DSC_0315.jpg загружен на сервер', '/home/ikkf05/ikkf05.ru/docs/includes/class.base.php', 1071, '', '', 1387882460),
(77, 'jambik', 1, '/admin/video.php', 'Запись #7 добавлена', '/home/ikkf05/ikkf05.ru/docs/includes/class.base.php', 206, '', '', 1388041862),
(78, 'jambik', 1, '/admin/video.php', 'Запись #8 добавлена', '/home/ikkf05/ikkf05.ru/docs/includes/class.base.php', 206, '', '', 1388041910),
(79, 'jambik', 1, '/admin/video.php', 'Запись #9 добавлена', '/home/ikkf05/ikkf05.ru/docs/includes/class.base.php', 206, '', '', 1388041967),
(80, 'jambik', 1, '/admin/video.php', 'Запись #10 добавлена', '/home/ikkf05/ikkf05.ru/docs/includes/class.base.php', 206, '', '', 1388042044),
(81, 'jambik', 1, '/admin/video.php', 'Запись #11 добавлена', '/home/ikkf05/ikkf05.ru/docs/includes/class.base.php', 206, '', '', 1388042073),
(82, 'jambik', 1, '/admin/video.php', 'Запись #12 добавлена', '/home/ikkf05/ikkf05.ru/docs/includes/class.base.php', 206, '', '', 1388042106),
(83, 'jambik', 1, '/admin/video.php', 'Запись #13 добавлена', '/home/ikkf05/ikkf05.ru/docs/includes/class.base.php', 206, '', '', 1388042157),
(84, 'jambik', 1, '/admin/gallery.php', 'Запись #8 добавлена', '/home/ikkf05/ikkf05.ru/docs/includes/class.base.php', 206, '', '', 1388043620),
(85, 'jambik', 1, '/admin/gallery.php', 'Файл IMG_2091.JPG загружен на сервер', '/home/ikkf05/ikkf05.ru/docs/includes/class.base.php', 1071, '', '', 1388043620),
(86, 'jambik', 1, '/admin/gallery.php', 'Запись #8 обновлена', '/home/ikkf05/ikkf05.ru/docs/includes/class.base.php', 185, '', '', 1388043671),
(87, 'jambik', 1, '/admin/gallery.php', 'Файл IMG_2091.JPG загружен на сервер', '/home/ikkf05/ikkf05.ru/docs/includes/class.base.php', 1071, '', '', 1388043671),
(88, 'jambik', 1, '/admin/gallery.php', 'Запись #8 обновлена', '/home/ikkf05/ikkf05.ru/docs/includes/class.base.php', 185, '', '', 1388043686),
(89, 'jambik', 1, '/admin/gallery.php', 'Файл IMG_2091.JPG загружен на сервер', '/home/ikkf05/ikkf05.ru/docs/includes/class.base.php', 1071, '', '', 1388043686),
(90, 'jambik', 1, '/admin/gallery.php', 'Запись #8 обновлена', '/home/ikkf05/ikkf05.ru/docs/includes/class.base.php', 185, '', '', 1388043697),
(91, 'jambik', 1, '/admin/gallery.php', 'Файл jambik.jpg загружен на сервер', '/home/ikkf05/ikkf05.ru/docs/includes/class.base.php', 1071, '', '', 1388043697),
(92, 'jambik', 1, '/admin/gallery.php', 'Запись #8 обновлена', '/home/ikkf05/ikkf05.ru/docs/includes/class.base.php', 185, '', '', 1388043968),
(93, 'jambik', 1, '/admin/gallery.php', 'Файл image_001.jpg загружен на сервер', '/home/ikkf05/ikkf05.ru/docs/includes/class.base.php', 1071, '', '', 1388043968),
(94, 'jambik', 1, '/admin/gallery.php', 'Файл image_002.jpg загружен на сервер', '/home/ikkf05/ikkf05.ru/docs/includes/class.base.php', 1071, '', '', 1388043969),
(95, 'jambik', 1, '/admin/gallery.php', 'Файл image_003.jpg загружен на сервер', '/home/ikkf05/ikkf05.ru/docs/includes/class.base.php', 1071, '', '', 1388043970),
(96, 'jambik', 1, '/admin/gallery.php', 'Файл image_004.jpg загружен на сервер', '/home/ikkf05/ikkf05.ru/docs/includes/class.base.php', 1071, '', '', 1388043971),
(97, 'jambik', 1, '/admin/gallery.php', 'Файл image_005.jpg загружен на сервер', '/home/ikkf05/ikkf05.ru/docs/includes/class.base.php', 1071, '', '', 1388043971),
(98, 'jambik', 1, '/admin/gallery.php', 'Запись #8 обновлена', '/home/ikkf05/ikkf05.ru/docs/includes/class.base.php', 185, '', '', 1388044037),
(99, 'jambik', 1, '/admin/gallery.php', 'Файл image_006.jpg загружен на сервер', '/home/ikkf05/ikkf05.ru/docs/includes/class.base.php', 1071, '', '', 1388044037),
(100, 'jambik', 1, '/admin/gallery.php', 'Файл image_007.jpg загружен на сервер', '/home/ikkf05/ikkf05.ru/docs/includes/class.base.php', 1071, '', '', 1388044038),
(101, 'jambik', 1, '/admin/gallery.php', 'Файл image_008.jpg загружен на сервер', '/home/ikkf05/ikkf05.ru/docs/includes/class.base.php', 1071, '', '', 1388044039),
(102, 'jambik', 1, '/admin/gallery.php', 'Файл image_009.jpg загружен на сервер', '/home/ikkf05/ikkf05.ru/docs/includes/class.base.php', 1071, '', '', 1388044039),
(103, 'jambik', 1, '/admin/gallery.php', 'Файл image_010.jpg загружен на сервер', '/home/ikkf05/ikkf05.ru/docs/includes/class.base.php', 1071, '', '', 1388044040),
(104, 'jambik', 1, '/admin/gallery.php', 'Файл image_011.jpg загружен на сервер', '/home/ikkf05/ikkf05.ru/docs/includes/class.base.php', 1071, '', '', 1388044041),
(105, 'jambik', 1, '/admin/gallery.php', 'Файл image_012.jpg загружен на сервер', '/home/ikkf05/ikkf05.ru/docs/includes/class.base.php', 1071, '', '', 1388044042),
(106, 'jambik', 1, '/admin/gallery.php', 'Файл image_013.jpg загружен на сервер', '/home/ikkf05/ikkf05.ru/docs/includes/class.base.php', 1071, '', '', 1388044042),
(107, 'jambik', 1, '/admin/gallery.php', 'Файл image_014.jpg загружен на сервер', '/home/ikkf05/ikkf05.ru/docs/includes/class.base.php', 1071, '', '', 1388044043),
(108, 'jambik', 1, '/admin/gallery.php', 'Файл image_015.jpg загружен на сервер', '/home/ikkf05/ikkf05.ru/docs/includes/class.base.php', 1071, '', '', 1388044044),
(109, 'jambik', 1, '/admin/gallery.php', 'Файл image_016.jpg загружен на сервер', '/home/ikkf05/ikkf05.ru/docs/includes/class.base.php', 1071, '', '', 1388044044),
(110, 'jambik', 1, '/admin/gallery.php', 'Файл image_017.jpg загружен на сервер', '/home/ikkf05/ikkf05.ru/docs/includes/class.base.php', 1071, '', '', 1388044045),
(111, 'jambik', 1, '/admin/gallery.php', 'Файл image_018.jpg загружен на сервер', '/home/ikkf05/ikkf05.ru/docs/includes/class.base.php', 1071, '', '', 1388044046),
(112, 'jambik', 1, '/admin/gallery.php', 'Файл image_019.jpg загружен на сервер', '/home/ikkf05/ikkf05.ru/docs/includes/class.base.php', 1071, '', '', 1388044047),
(113, 'jambik', 1, '/admin/gallery.php', 'Файл image_020.jpg загружен на сервер', '/home/ikkf05/ikkf05.ru/docs/includes/class.base.php', 1071, '', '', 1388044047),
(114, 'jambik', 1, '/admin/gallery.php', 'Запись #9 добавлена', '/home/ikkf05/ikkf05.ru/docs/includes/class.base.php', 206, '', '', 1388044172),
(115, 'jambik', 1, '/admin/gallery.php', 'Файл image_001.jpg загружен на сервер', '/home/ikkf05/ikkf05.ru/docs/includes/class.base.php', 1071, '', '', 1388044172),
(116, 'jambik', 1, '/admin/gallery.php', 'Запись #9 обновлена', '/home/ikkf05/ikkf05.ru/docs/includes/class.base.php', 185, '', '', 1388045318),
(117, 'jambik', 1, '/admin/gallery.php', 'Файл image_001.jpg загружен на сервер', '/home/ikkf05/ikkf05.ru/docs/includes/class.base.php', 1071, '', '', 1388045318),
(118, 'jambik', 1, '/admin/gallery.php', 'Файл image_005.jpg загружен на сервер', '/home/ikkf05/ikkf05.ru/docs/includes/class.base.php', 1071, '', '', 1388045319),
(119, 'jambik', 1, '/admin/gallery.php', 'Файл image_007.jpg загружен на сервер', '/home/ikkf05/ikkf05.ru/docs/includes/class.base.php', 1071, '', '', 1388045319),
(120, 'jambik', 1, '/admin/gallery.php', 'Файл image_009.jpg загружен на сервер', '/home/ikkf05/ikkf05.ru/docs/includes/class.base.php', 1071, '', '', 1388045320),
(121, 'jambik', 1, '/admin/gallery.php', 'Файл image_011.jpg загружен на сервер', '/home/ikkf05/ikkf05.ru/docs/includes/class.base.php', 1071, '', '', 1388045321),
(122, 'jambik', 1, '/admin/gallery.php', 'Файл image_017.jpg загружен на сервер', '/home/ikkf05/ikkf05.ru/docs/includes/class.base.php', 1071, '', '', 1388045322),
(123, 'jambik', 1, '/admin/gallery.php', 'Файл image_018.jpg загружен на сервер', '/home/ikkf05/ikkf05.ru/docs/includes/class.base.php', 1071, '', '', 1388045323),
(124, 'jambik', 1, '/admin/gallery.php', 'Файл image_021.jpg загружен на сервер', '/home/ikkf05/ikkf05.ru/docs/includes/class.base.php', 1071, '', '', 1388045323),
(125, 'jambik', 1, '/admin/gallery.php', 'Файл image_024.jpg загружен на сервер', '/home/ikkf05/ikkf05.ru/docs/includes/class.base.php', 1071, '', '', 1388045324),
(126, 'jambik', 1, '/admin/gallery.php', 'Файл image_025.jpg загружен на сервер', '/home/ikkf05/ikkf05.ru/docs/includes/class.base.php', 1071, '', '', 1388045325),
(127, 'jambik', 1, '/admin/gallery.php', 'Файл image_029.jpg загружен на сервер', '/home/ikkf05/ikkf05.ru/docs/includes/class.base.php', 1071, '', '', 1388045326),
(128, 'jambik', 1, '/admin/gallery.php', 'Файл image_034.jpg загружен на сервер', '/home/ikkf05/ikkf05.ru/docs/includes/class.base.php', 1071, '', '', 1388045327),
(129, 'jambik', 1, '/admin/gallery.php', 'Файл image_044.jpg загружен на сервер', '/home/ikkf05/ikkf05.ru/docs/includes/class.base.php', 1071, '', '', 1388045327),
(130, 'jambik', 1, '/admin/gallery.php', 'Файл image_047.jpg загружен на сервер', '/home/ikkf05/ikkf05.ru/docs/includes/class.base.php', 1071, '', '', 1388045328),
(131, 'jambik', 1, '/admin/gallery.php', 'Файл image_063.jpg загружен на сервер', '/home/ikkf05/ikkf05.ru/docs/includes/class.base.php', 1071, '', '', 1388045329),
(132, 'jambik', 1, '/admin/gallery.php', 'Файл image_101.jpg загружен на сервер', '/home/ikkf05/ikkf05.ru/docs/includes/class.base.php', 1071, '', '', 1388045330),
(133, 'jambik', 1, '/admin/gallery.php', 'Файл image_156.jpg загружен на сервер', '/home/ikkf05/ikkf05.ru/docs/includes/class.base.php', 1071, '', '', 1388045331),
(134, 'jambik', 1, '/admin/gallery.php', 'Запись #9 обновлена', '/home/ikkf05/ikkf05.ru/docs/includes/class.base.php', 185, '', '', 1388045391),
(135, 'jambik', 1, '/admin/gallery.php', 'Файл image_012.jpg загружен на сервер', '/home/ikkf05/ikkf05.ru/docs/includes/class.base.php', 1071, '', '', 1388045391),
(136, 'jambik', 1, '/admin/news.php', 'Запись #7 добавлена', '/home/ikkf05/ikkf05.ru/docs/includes/class.base.php', 206, '', '', 1390129720),
(137, 'jambik', 1, '/admin/news.php', 'Запись #7 обновлена', '/home/ikkf05/ikkf05.ru/docs/includes/class.base.php', 185, '', '', 1390129991),
(138, 'jambik', 1, '/admin/news.php', 'Запись #7 обновлена', '/home/ikkf05/ikkf05.ru/docs/includes/class.base.php', 185, '', '', 1390130081),
(139, 'jambik', 1, '/admin/news.php', 'Запись #7 обновлена', '/home/ikkf05/ikkf05.ru/docs/includes/class.base.php', 185, '', '', 1390130131),
(140, 'jambik', 1, '/admin/news.php', 'Запись #7 обновлена', '/home/ikkf05/ikkf05.ru/docs/includes/class.base.php', 185, '', '', 1390130157),
(141, 'jambik', 1, '/admin/news.php', 'Запись #7 обновлена', '/home/ikkf05/ikkf05.ru/docs/includes/class.base.php', 185, '', '', 1390130254),
(142, 'jambik', 1, '/admin/news.php', 'Запись #7 обновлена', '/home/ikkf05/ikkf05.ru/docs/includes/class.base.php', 185, '', '', 1390130322),
(143, 'jambik', 1, '/admin/gallery.php', 'Запись #10 добавлена', '/home/ikkf05/ikkf05.ru/docs/includes/class.base.php', 206, '', '', 1390130407),
(144, 'jambik', 1, '/admin/gallery.php', 'Файл Image_001.jpg загружен на сервер', '/home/ikkf05/ikkf05.ru/docs/includes/class.base.php', 1071, '', '', 1390130407),
(145, 'jambik', 1, '/admin/gallery.php', 'Файл Image_002.jpg загружен на сервер', '/home/ikkf05/ikkf05.ru/docs/includes/class.base.php', 1071, '', '', 1390130408),
(146, 'jambik', 1, '/admin/gallery.php', 'Файл Image_003.jpg загружен на сервер', '/home/ikkf05/ikkf05.ru/docs/includes/class.base.php', 1071, '', '', 1390130409),
(147, 'jambik', 1, '/admin/gallery.php', 'Файл Image_004.jpg загружен на сервер', '/home/ikkf05/ikkf05.ru/docs/includes/class.base.php', 1071, '', '', 1390130409),
(148, 'jambik', 1, '/admin/gallery.php', 'Файл Image_005.jpg загружен на сервер', '/home/ikkf05/ikkf05.ru/docs/includes/class.base.php', 1071, '', '', 1390130410),
(149, 'jambik', 1, '/admin/gallery.php', 'Запись #10 обновлена', '/home/ikkf05/ikkf05.ru/docs/includes/class.base.php', 185, '', '', 1390130450),
(150, 'jambik', 1, '/admin/gallery.php', 'Файл Image_002.jpg загружен на сервер', '/home/ikkf05/ikkf05.ru/docs/includes/class.base.php', 1071, '', '', 1390130450),
(151, 'jambik', 1, '/admin/gallery.php', 'Запись #9 обновлена', '/home/ikkf05/ikkf05.ru/docs/includes/class.base.php', 185, '', '', 1390130485),
(152, 'jambik', 1, '/admin/gallery.php', 'Файл PIC_0086.JPG загружен на сервер', '/home/ikkf05/ikkf05.ru/docs/includes/class.base.php', 1071, '', '', 1390130485),
(153, 'jambik', 1, '/admin/gallery.php', 'Запись #10 обновлена', '/home/ikkf05/ikkf05.ru/docs/includes/class.base.php', 185, '', '', 1390130619),
(154, 'jambik', 1, '/admin/gallery.php', 'Файл Image_002.jpg загружен на сервер', '/home/ikkf05/ikkf05.ru/docs/includes/class.base.php', 1071, '', '', 1390130619),
(155, 'jambik', 1, '/admin/gallery.php', 'Запись #11 добавлена', '/home/ikkf05/ikkf05.ru/docs/includes/class.base.php', 206, '', '', 1390130652),
(156, 'jambik', 1, '/admin/gallery.php', 'Файл Image_001.jpg загружен на сервер', '/home/ikkf05/ikkf05.ru/docs/includes/class.base.php', 1071, '', '', 1390130652),
(157, 'jambik', 1, '/admin/gallery.php', 'Файл Image_002.jpg загружен на сервер', '/home/ikkf05/ikkf05.ru/docs/includes/class.base.php', 1071, '', '', 1390130653),
(158, 'jambik', 1, '/admin/gallery.php', 'Файл Image_003.jpg загружен на сервер', '/home/ikkf05/ikkf05.ru/docs/includes/class.base.php', 1071, '', '', 1390130653),
(159, 'jambik', 1, '/admin/gallery.php', 'Запись #11 обновлена', '/home/ikkf05/ikkf05.ru/docs/includes/class.base.php', 185, '', '', 1390130713),
(160, 'jambik', 1, '/admin/gallery.php', 'Файл Image_004.jpg загружен на сервер', '/home/ikkf05/ikkf05.ru/docs/includes/class.base.php', 1071, '', '', 1390130713),
(161, 'jambik', 1, '/admin/gallery.php', 'Файл Image_005.jpg загружен на сервер', '/home/ikkf05/ikkf05.ru/docs/includes/class.base.php', 1071, '', '', 1390130713),
(162, 'jambik', 1, '/admin/gallery.php', 'Файл Image_006.jpg загружен на сервер', '/home/ikkf05/ikkf05.ru/docs/includes/class.base.php', 1071, '', '', 1390130714),
(163, 'jambik', 1, '/admin/gallery.php', 'Файл Image_007.jpg загружен на сервер', '/home/ikkf05/ikkf05.ru/docs/includes/class.base.php', 1071, '', '', 1390130714),
(164, 'jambik', 1, '/admin/gallery.php', 'Файл Image_008.jpg загружен на сервер', '/home/ikkf05/ikkf05.ru/docs/includes/class.base.php', 1071, '', '', 1390130715),
(165, 'jambik', 1, '/admin/gallery.php', 'Файл Image_009.jpg загружен на сервер', '/home/ikkf05/ikkf05.ru/docs/includes/class.base.php', 1071, '', '', 1390130715),
(166, 'jambik', 1, '/admin/gallery.php', 'Файл Image_010.jpg загружен на сервер', '/home/ikkf05/ikkf05.ru/docs/includes/class.base.php', 1071, '', '', 1390130716),
(167, 'jambik', 1, '/admin/gallery.php', 'Файл Image_011.jpg загружен на сервер', '/home/ikkf05/ikkf05.ru/docs/includes/class.base.php', 1071, '', '', 1390130716),
(168, 'jambik', 1, '/admin/gallery.php', 'Файл Image_012.jpg загружен на сервер', '/home/ikkf05/ikkf05.ru/docs/includes/class.base.php', 1071, '', '', 1390130717),
(169, 'jambik', 1, '/admin/gallery.php', 'Файл Image_013.jpg загружен на сервер', '/home/ikkf05/ikkf05.ru/docs/includes/class.base.php', 1071, '', '', 1390130717),
(170, 'jambik', 1, '/admin/gallery.php', 'Файл Image_014.jpg загружен на сервер', '/home/ikkf05/ikkf05.ru/docs/includes/class.base.php', 1071, '', '', 1390130718),
(171, 'jambik', 1, '/admin/gallery.php', 'Файл Image_015.jpg загружен на сервер', '/home/ikkf05/ikkf05.ru/docs/includes/class.base.php', 1071, '', '', 1390130718),
(172, 'jambik', 1, '/admin/gallery.php', 'Файл Image_016.jpg загружен на сервер', '/home/ikkf05/ikkf05.ru/docs/includes/class.base.php', 1071, '', '', 1390130719),
(173, 'jambik', 1, '/admin/gallery.php', 'Запись #11 обновлена', '/home/ikkf05/ikkf05.ru/docs/includes/class.base.php', 185, '', '', 1390130778),
(174, 'jambik', 1, '/admin/gallery.php', 'Файл Image_017.jpg загружен на сервер', '/home/ikkf05/ikkf05.ru/docs/includes/class.base.php', 1071, '', '', 1390130778),
(175, 'jambik', 1, '/admin/gallery.php', 'Файл Image_018.jpg загружен на сервер', '/home/ikkf05/ikkf05.ru/docs/includes/class.base.php', 1071, '', '', 1390130779),
(176, 'jambik', 1, '/admin/gallery.php', 'Файл Image_019.jpg загружен на сервер', '/home/ikkf05/ikkf05.ru/docs/includes/class.base.php', 1071, '', '', 1390130780),
(177, 'jambik', 1, '/admin/gallery.php', 'Файл Image_020.jpg загружен на сервер', '/home/ikkf05/ikkf05.ru/docs/includes/class.base.php', 1071, '', '', 1390130780),
(178, 'jambik', 1, '/admin/gallery.php', 'Файл Image_021.jpg загружен на сервер', '/home/ikkf05/ikkf05.ru/docs/includes/class.base.php', 1071, '', '', 1390130781),
(179, 'jambik', 1, '/admin/gallery.php', 'Файл Image_022.jpg загружен на сервер', '/home/ikkf05/ikkf05.ru/docs/includes/class.base.php', 1071, '', '', 1390130781),
(180, 'jambik', 1, '/admin/gallery.php', 'Файл Image_023.jpg загружен на сервер', '/home/ikkf05/ikkf05.ru/docs/includes/class.base.php', 1071, '', '', 1390130782),
(181, 'jambik', 1, '/admin/gallery.php', 'Файл Image_024.jpg загружен на сервер', '/home/ikkf05/ikkf05.ru/docs/includes/class.base.php', 1071, '', '', 1390130782),
(182, 'jambik', 1, '/admin/gallery.php', 'Файл Image_025.jpg загружен на сервер', '/home/ikkf05/ikkf05.ru/docs/includes/class.base.php', 1071, '', '', 1390130783),
(183, 'jambik', 1, '/admin/gallery.php', 'Файл Image_026.jpg загружен на сервер', '/home/ikkf05/ikkf05.ru/docs/includes/class.base.php', 1071, '', '', 1390130783),
(184, 'jambik', 1, '/admin/gallery.php', 'Файл Image_027.jpg загружен на сервер', '/home/ikkf05/ikkf05.ru/docs/includes/class.base.php', 1071, '', '', 1390130784),
(185, 'jambik', 1, '/admin/gallery.php', 'Файл Image_028.jpg загружен на сервер', '/home/ikkf05/ikkf05.ru/docs/includes/class.base.php', 1071, '', '', 1390130785),
(186, 'jambik', 1, '/admin/gallery.php', 'Запись #10 удалена', '/home/ikkf05/ikkf05.ru/docs/includes/class.base.php', 858, '', '', 1390130804),
(187, 'jambik', 1, '/admin/gallery.php', 'Запись #11 обновлена', '/home/ikkf05/ikkf05.ru/docs/includes/class.base.php', 185, '', '', 1390130817),
(188, 'jambik', 1, '/admin/news.php', 'Запись #8 добавлена', '/home/ikkf05/ikkf05.ru/docs/includes/class.base.php', 206, '', '', 1390130990),
(189, 'jambik', 1, '/admin/pages.php', 'Запись #5 обновлена', '/home/ikkf05/ikkf05.ru/docs/includes/class.base.php', 185, '', '', 1390311998),
(190, 'jambik', 1, '/admin/pages.php', 'Запись #3: поле page_show изменено на 0', '/home/ikkf05/ikkf05.ru/docs/includes/class.base.php', 829, '', '', 1390312015),
(191, 'jambik', 1, '/admin/pages.php', 'Запись #3: поле page_show изменено на 1', '/home/ikkf05/ikkf05.ru/docs/includes/class.base.php', 829, '', '', 1390312016),
(192, 'jambik', 1, '/admin/pages.php', 'Запись #7 обновлена', '/home/ikkf05/ikkf05.ru/docs/includes/class.base.php', 185, '', '', 1390316457),
(193, 'jambik', 1, '/admin/news.php', 'Запись #8 обновлена', '/home/ikkf05/ikkf05.ru/docs/includes/class.base.php', 185, '', '', 1393154972),
(194, 'jambik', 1, '/admin/news.php', 'Запись #9 добавлена', '/home/ikkf05/ikkf05.ru/docs/includes/class.base.php', 206, '', '', 1393155263),
(195, 'jambik', 1, '/admin/news.php', 'Запись #9 обновлена', '/home/ikkf05/ikkf05.ru/docs/includes/class.base.php', 185, '', '', 1393155453),
(196, 'jambik', 1, '/admin/news.php', 'Запись #9 обновлена', '/home/ikkf05/ikkf05.ru/docs/includes/class.base.php', 185, '', '', 1393155534),
(197, 'jambik', 1, '/admin/news.php', 'Запись #9 обновлена', '/home/ikkf05/ikkf05.ru/docs/includes/class.base.php', 185, '', '', 1393155623),
(198, 'jambik', 1, '/admin/news.php', 'Запись #10 добавлена', '/home/ikkf05/ikkf05.ru/docs/includes/class.base.php', 206, '', '', 1393156519),
(199, 'jambik', 1, '/admin/news.php', 'Запись #10 обновлена', '/home/ikkf05/ikkf05.ru/docs/includes/class.base.php', 185, '', '', 1393156610),
(200, 'jambik', 1, '/admin/news.php', 'Запись #10 обновлена', '/home/ikkf05/ikkf05.ru/docs/includes/class.base.php', 185, '', '', 1393157787),
(201, 'jambik', 1, '/admin/news.php', 'Запись #11 добавлена', '/home/ikkf05/ikkf05.ru/docs/includes/class.base.php', 206, '', '', 1402069470),
(202, 'jambik', 1, '/admin/news.php', 'Запись #12 добавлена', '/home/ikkf05/ikkf05.ru/docs/includes/class.base.php', 206, '', '', 1402069674),
(203, 'jambik', 1, '/admin/news.php', 'Запись #12 обновлена', '/home/ikkf05/ikkf05.ru/docs/includes/class.base.php', 185, '', '', 1402069694),
(204, 'jambik', 1, '/admin/pages.php', 'Запись #7 обновлена', '/home/ikkf05/ikkf05.ru/docs/includes/class.base.php', 185, '', '', 1402069745),
(205, 'jambik', 1, '/admin/news.php', 'Запись #13 добавлена', '/home/ikkf05/ikkf05.ru/docs/includes/class.base.php', 206, '', '', 1402070021),
(206, 'jambik', 1, '/admin/news.php', 'Запись #13 обновлена', '/home/ikkf05/ikkf05.ru/docs/includes/class.base.php', 185, '', '', 1402070113),
(207, 'jambik', 1, '/admin/news.php', 'Запись #14 добавлена', '/home/ikkf05/ikkf05.ru/docs/includes/class.base.php', 206, '', '', 1402070272),
(208, 'jambik', 1, '/admin/news.php', 'Запись #14 обновлена', '/home/ikkf05/ikkf05.ru/docs/includes/class.base.php', 185, '', '', 1402070299),
(209, 'jambik', 1, '/admin/news.php', 'Запись #14 обновлена', '/home/ikkf05/ikkf05.ru/docs/includes/class.base.php', 185, '', '', 1402070312),
(210, 'jambik', 1, '/admin/news.php', 'Запись #15 добавлена', '/home/ikkf05/ikkf05.ru/docs/includes/class.base.php', 206, '', '', 1402070465),
(211, 'jambik', 1, '/admin/news.php', 'Запись #15 обновлена', '/home/ikkf05/ikkf05.ru/docs/includes/class.base.php', 185, '', '', 1402070541),
(212, 'jambik', 1, '/admin/news.php', 'Запись #11 обновлена', '/home/ikkf05/ikkf05.ru/docs/includes/class.base.php', 185, '', '', 1402071026),
(213, 'jambik', 1, '/admin/news.php', 'Запись #10 обновлена', '/home/ikkf05/ikkf05.ru/docs/includes/class.base.php', 185, '', '', 1402071039),
(214, 'jambik', 1, '/admin/video.php', 'Запись #14 добавлена', '/home/ikkf05/ikkf05.ru/docs/includes/class.base.php', 206, '', '', 1402071119),
(215, 'jambik', 1, '/admin/video.php', 'Запись #15 добавлена', '/home/ikkf05/ikkf05.ru/docs/includes/class.base.php', 206, '', '', 1402071225),
(216, 'jambik', 1, '/admin/news.php', 'Запись #16 добавлена', '/home/ikkf05/ikkf05.ru/docs/includes/class.base.php', 206, '', '', 1405753626),
(217, 'jambik', 1, '/admin/news.php', 'Запись #16 обновлена', '/home/ikkf05/ikkf05.ru/docs/includes/class.base.php', 185, '', '', 1405753726),
(218, 'jambik', 1, '/admin/news.php', 'Запись #16 обновлена', '/home/ikkf05/ikkf05.ru/docs/includes/class.base.php', 185, '', '', 1405753903),
(219, 'jambik', 1, '/admin/news.php', 'Запись #17 добавлена', '/home/ikkf05/ikkf05.ru/docs/includes/class.base.php', 206, '', '', 1405754243),
(220, 'jambik', 1, '/admin/pages.php', 'Запись #1 обновлена', '/home/ikkf05/ikkf05.ru/docs/includes/class.base.php', 185, '', '', 1405754280),
(221, 'jambik', 1, '/admin/gallery.php', 'Запись #12 добавлена', '/home/ikkf05/ikkf05.ru/docs/includes/class.base.php', 206, '', '', 1405759521),
(222, 'jambik', 1, '/admin/gallery.php', 'Файл Image01.jpg загружен на сервер', '/home/ikkf05/ikkf05.ru/docs/includes/class.base.php', 1071, '', '', 1405759521),
(223, 'jambik', 1, '/admin/gallery.php', 'Файл Image02.jpg загружен на сервер', '/home/ikkf05/ikkf05.ru/docs/includes/class.base.php', 1071, '', '', 1405759521),
(224, 'jambik', 1, '/admin/gallery.php', 'Файл Image03.jpg загружен на сервер', '/home/ikkf05/ikkf05.ru/docs/includes/class.base.php', 1071, '', '', 1405759522),
(225, 'jambik', 1, '/admin/gallery.php', 'Файл Image04.jpg загружен на сервер', '/home/ikkf05/ikkf05.ru/docs/includes/class.base.php', 1071, '', '', 1405759522),
(226, 'jambik', 1, '/admin/gallery.php', 'Файл Image05.jpg загружен на сервер', '/home/ikkf05/ikkf05.ru/docs/includes/class.base.php', 1071, '', '', 1405759522),
(227, 'jambik', 1, '/admin/gallery.php', 'Файл Image06.jpg загружен на сервер', '/home/ikkf05/ikkf05.ru/docs/includes/class.base.php', 1071, '', '', 1405759522),
(228, 'jambik', 1, '/admin/gallery.php', 'Файл Image07.jpg загружен на сервер', '/home/ikkf05/ikkf05.ru/docs/includes/class.base.php', 1071, '', '', 1405759523),
(229, 'jambik', 1, '/admin/gallery.php', 'Файл Image08.jpg загружен на сервер', '/home/ikkf05/ikkf05.ru/docs/includes/class.base.php', 1071, '', '', 1405759523),
(230, 'jambik', 1, '/admin/gallery.php', 'Файл Image09.jpg загружен на сервер', '/home/ikkf05/ikkf05.ru/docs/includes/class.base.php', 1071, '', '', 1405759523),
(231, 'jambik', 1, '/admin/gallery.php', 'Файл Image10.jpg загружен на сервер', '/home/ikkf05/ikkf05.ru/docs/includes/class.base.php', 1071, '', '', 1405759523),
(232, 'jambik', 1, '/admin/gallery.php', 'Запись #12 обновлена', '/home/ikkf05/ikkf05.ru/docs/includes/class.base.php', 185, '', '', 1405759603),
(233, 'jambik', 1, '/admin/gallery.php', 'Файл Image11.jpg загружен на сервер', '/home/ikkf05/ikkf05.ru/docs/includes/class.base.php', 1071, '', '', 1405759603),
(234, 'jambik', 1, '/admin/gallery.php', 'Файл Image12.jpg загружен на сервер', '/home/ikkf05/ikkf05.ru/docs/includes/class.base.php', 1071, '', '', 1405759603),
(235, 'jambik', 1, '/admin/gallery.php', 'Файл Image13.jpg загружен на сервер', '/home/ikkf05/ikkf05.ru/docs/includes/class.base.php', 1071, '', '', 1405759603),
(236, 'jambik', 1, '/admin/gallery.php', 'Файл Image14.jpg загружен на сервер', '/home/ikkf05/ikkf05.ru/docs/includes/class.base.php', 1071, '', '', 1405759604),
(237, 'jambik', 1, '/admin/gallery.php', 'Файл Image15.jpg загружен на сервер', '/home/ikkf05/ikkf05.ru/docs/includes/class.base.php', 1071, '', '', 1405759604),
(238, 'jambik', 1, '/admin/gallery.php', 'Файл Image16.jpg загружен на сервер', '/home/ikkf05/ikkf05.ru/docs/includes/class.base.php', 1071, '', '', 1405759604),
(239, 'jambik', 1, '/admin/gallery.php', 'Файл Image17.jpg загружен на сервер', '/home/ikkf05/ikkf05.ru/docs/includes/class.base.php', 1071, '', '', 1405759604),
(240, 'jambik', 1, '/admin/gallery.php', 'Файл Image18.jpg загружен на сервер', '/home/ikkf05/ikkf05.ru/docs/includes/class.base.php', 1071, '', '', 1405759605),
(241, 'jambik', 1, '/admin/gallery.php', 'Файл Image19.jpg загружен на сервер', '/home/ikkf05/ikkf05.ru/docs/includes/class.base.php', 1071, '', '', 1405759605),
(242, 'jambik', 1, '/admin/gallery.php', 'Файл Image20.jpg загружен на сервер', '/home/ikkf05/ikkf05.ru/docs/includes/class.base.php', 1071, '', '', 1405759605),
(243, 'jambik', 1, '/admin/gallery.php', 'Файл Image21.jpg загружен на сервер', '/home/ikkf05/ikkf05.ru/docs/includes/class.base.php', 1071, '', '', 1405759605),
(244, 'jambik', 1, '/admin/gallery.php', 'Файл Image22.jpg загружен на сервер', '/home/ikkf05/ikkf05.ru/docs/includes/class.base.php', 1071, '', '', 1405759606),
(245, 'jambik', 1, '/admin/gallery.php', 'Файл Image23.jpg загружен на сервер', '/home/ikkf05/ikkf05.ru/docs/includes/class.base.php', 1071, '', '', 1405759606),
(246, 'jambik', 1, '/admin/gallery.php', 'Файл Image24.jpg загружен на сервер', '/home/ikkf05/ikkf05.ru/docs/includes/class.base.php', 1071, '', '', 1405759606),
(247, 'jambik', 1, '/admin/gallery.php', 'Файл Image25.jpg загружен на сервер', '/home/ikkf05/ikkf05.ru/docs/includes/class.base.php', 1071, '', '', 1405759606),
(248, 'jambik', 1, '/admin/gallery.php', 'Файл Image26.jpg загружен на сервер', '/home/ikkf05/ikkf05.ru/docs/includes/class.base.php', 1071, '', '', 1405759607),
(249, 'jambik', 1, '/admin/gallery.php', 'Файл Image27.jpg загружен на сервер', '/home/ikkf05/ikkf05.ru/docs/includes/class.base.php', 1071, '', '', 1405759607),
(250, 'jambik', 1, '/admin/gallery.php', 'Файл Image28.jpg загружен на сервер', '/home/ikkf05/ikkf05.ru/docs/includes/class.base.php', 1071, '', '', 1405759608),
(251, 'jambik', 1, '/admin/gallery.php', 'Запись #12 обновлена', '/home/ikkf05/ikkf05.ru/docs/includes/class.base.php', 185, '', '', 1405759628),
(252, 'jambik', 1, '/admin/gallery.php', 'Файл Image29.jpg загружен на сервер', '/home/ikkf05/ikkf05.ru/docs/includes/class.base.php', 1071, '', '', 1405759628),
(253, 'jambik', 1, '/admin/gallery.php', 'Файл Image30.jpg загружен на сервер', '/home/ikkf05/ikkf05.ru/docs/includes/class.base.php', 1071, '', '', 1405759628),
(254, 'jambik', 1, '/admin/gallery.php', 'Файл Image31.jpg загружен на сервер', '/home/ikkf05/ikkf05.ru/docs/includes/class.base.php', 1071, '', '', 1405759628),
(255, 'jambik', 1, '/admin/gallery.php', 'Файл Image32.jpg загружен на сервер', '/home/ikkf05/ikkf05.ru/docs/includes/class.base.php', 1071, '', '', 1405759628),
(256, 'jambik', 1, '/admin/gallery.php', 'Запись #13 добавлена', '/home/ikkf05/ikkf05.ru/docs/includes/class.base.php', 206, '', '', 1405759993),
(257, 'jambik', 1, '/admin/gallery.php', 'Файл Image01.jpg загружен на сервер', '/home/ikkf05/ikkf05.ru/docs/includes/class.base.php', 1071, '', '', 1405759993),
(258, 'jambik', 1, '/admin/gallery.php', 'Файл Image02.jpg загружен на сервер', '/home/ikkf05/ikkf05.ru/docs/includes/class.base.php', 1071, '', '', 1405759993),
(259, 'jambik', 1, '/admin/gallery.php', 'Файл Image03.jpg загружен на сервер', '/home/ikkf05/ikkf05.ru/docs/includes/class.base.php', 1071, '', '', 1405759994),
(260, 'jambik', 1, '/admin/gallery.php', 'Файл Image04.jpg загружен на сервер', '/home/ikkf05/ikkf05.ru/docs/includes/class.base.php', 1071, '', '', 1405759995),
(261, 'jambik', 1, '/admin/gallery.php', 'Файл Image05.jpg загружен на сервер', '/home/ikkf05/ikkf05.ru/docs/includes/class.base.php', 1071, '', '', 1405759995),
(262, 'jambik', 1, '/admin/gallery.php', 'Файл Image06.jpg загружен на сервер', '/home/ikkf05/ikkf05.ru/docs/includes/class.base.php', 1071, '', '', 1405759996),
(263, 'jambik', 1, '/admin/gallery.php', 'Файл Image07.jpg загружен на сервер', '/home/ikkf05/ikkf05.ru/docs/includes/class.base.php', 1071, '', '', 1405759997),
(264, 'jambik', 1, '/admin/gallery.php', 'Файл Image08.jpg загружен на сервер', '/home/ikkf05/ikkf05.ru/docs/includes/class.base.php', 1071, '', '', 1405759997),
(265, 'jambik', 1, '/admin/gallery.php', 'Файл Image09.jpg загружен на сервер', '/home/ikkf05/ikkf05.ru/docs/includes/class.base.php', 1071, '', '', 1405759998),
(266, 'jambik', 1, '/admin/gallery.php', 'Файл Image10.jpg загружен на сервер', '/home/ikkf05/ikkf05.ru/docs/includes/class.base.php', 1071, '', '', 1405759999),
(267, 'jambik', 1, '/admin/gallery.php', 'Файл Image11.jpg загружен на сервер', '/home/ikkf05/ikkf05.ru/docs/includes/class.base.php', 1071, '', '', 1405759999),
(268, 'jambik', 1, '/admin/gallery.php', 'Файл Image12.jpg загружен на сервер', '/home/ikkf05/ikkf05.ru/docs/includes/class.base.php', 1071, '', '', 1405760000),
(269, 'jambik', 1, '/admin/gallery.php', 'Файл Image13.jpg загружен на сервер', '/home/ikkf05/ikkf05.ru/docs/includes/class.base.php', 1071, '', '', 1405760000),
(270, 'jambik', 1, '/admin/gallery.php', 'Файл Image14.jpg загружен на сервер', '/home/ikkf05/ikkf05.ru/docs/includes/class.base.php', 1071, '', '', 1405760001),
(271, 'jambik', 1, '/admin/gallery.php', 'Файл Image15.jpg загружен на сервер', '/home/ikkf05/ikkf05.ru/docs/includes/class.base.php', 1071, '', '', 1405760002),
(272, 'jambik', 1, '/admin/gallery.php', 'Файл Image16.jpg загружен на сервер', '/home/ikkf05/ikkf05.ru/docs/includes/class.base.php', 1071, '', '', 1405760002),
(273, 'jambik', 1, '/admin/gallery.php', 'Файл Image17.jpg загружен на сервер', '/home/ikkf05/ikkf05.ru/docs/includes/class.base.php', 1071, '', '', 1405760003),
(274, 'jambik', 1, '/admin/gallery.php', 'Файл Image18.jpg загружен на сервер', '/home/ikkf05/ikkf05.ru/docs/includes/class.base.php', 1071, '', '', 1405760004),
(275, 'jambik', 1, '/admin/gallery.php', 'Файл Image19.jpg загружен на сервер', '/home/ikkf05/ikkf05.ru/docs/includes/class.base.php', 1071, '', '', 1405760004),
(276, 'jambik', 1, '/admin/gallery.php', 'Файл Image20.jpg загружен на сервер', '/home/ikkf05/ikkf05.ru/docs/includes/class.base.php', 1071, '', '', 1405760005),
(277, 'jambik', 1, '/admin/gallery.php', 'Запись #13 обновлена', '/home/ikkf05/ikkf05.ru/docs/includes/class.base.php', 185, '', '', 1405760066),
(278, 'jambik', 1, '/admin/gallery.php', 'Файл Image21.jpg загружен на сервер', '/home/ikkf05/ikkf05.ru/docs/includes/class.base.php', 1071, '', '', 1405760066),
(279, 'jambik', 1, '/admin/gallery.php', 'Файл Image22.jpg загружен на сервер', '/home/ikkf05/ikkf05.ru/docs/includes/class.base.php', 1071, '', '', 1405760066),
(280, 'jambik', 1, '/admin/gallery.php', 'Файл Image23.jpg загружен на сервер', '/home/ikkf05/ikkf05.ru/docs/includes/class.base.php', 1071, '', '', 1405760067),
(281, 'jambik', 1, '/admin/gallery.php', 'Файл Image24.jpg загружен на сервер', '/home/ikkf05/ikkf05.ru/docs/includes/class.base.php', 1071, '', '', 1405760067),
(282, 'jambik', 1, '/admin/gallery.php', 'Файл Image25.jpg загружен на сервер', '/home/ikkf05/ikkf05.ru/docs/includes/class.base.php', 1071, '', '', 1405760068),
(283, 'jambik', 1, '/admin/gallery.php', 'Файл Image26.jpg загружен на сервер', '/home/ikkf05/ikkf05.ru/docs/includes/class.base.php', 1071, '', '', 1405760068),
(284, 'jambik', 1, '/admin/gallery.php', 'Файл Image27.jpg загружен на сервер', '/home/ikkf05/ikkf05.ru/docs/includes/class.base.php', 1071, '', '', 1405760069),
(285, 'jambik', 1, '/admin/gallery.php', 'Файл Image28.jpg загружен на сервер', '/home/ikkf05/ikkf05.ru/docs/includes/class.base.php', 1071, '', '', 1405760070),
(286, 'jambik', 1, '/admin/gallery.php', 'Файл Image29.jpg загружен на сервер', '/home/ikkf05/ikkf05.ru/docs/includes/class.base.php', 1071, '', '', 1405760070),
(287, 'jambik', 1, '/admin/gallery.php', 'Файл Image30.jpg загружен на сервер', '/home/ikkf05/ikkf05.ru/docs/includes/class.base.php', 1071, '', '', 1405760071),
(288, 'jambik', 1, '/admin/video.php', 'Запись #16 добавлена', '/home/ikkf05/ikkf05.ru/docs/includes/class.base.php', 206, '', '', 1405761413),
(289, 'jambik', 1, '/admin/video.php', 'Запись #17 добавлена', '/home/ikkf05/ikkf05.ru/docs/includes/class.base.php', 206, '', '', 1405761456),
(290, 'jambik', 1, '/admin/gallery.php', 'Запись #12 обновлена', '/home/ikkf05/ikkf05.ru/docs/includes/class.base.php', 185, '', '', 1406964297),
(291, 'jambik', 1, '/admin/video.php', 'Запись #17 обновлена', '/home/ikkf05/ikkf05.ru/docs/includes/class.base.php', 185, '', '', 1406964335);
INSERT INTO `log` (`log_id`, `log_admin`, `log_status`, `log_php_self`, `log_text`, `log_file`, `log_line`, `log_sql_code`, `log_sql_message`, `log_date`) VALUES
(292, 'jambik', 1, '/admin/pages.php', 'Запись #4 обновлена', '/home/ikkf05/ikkf05.ru/docs/includes/class.base.php', 185, '', '', 1409685593),
(293, 'jambik', 1, '/admin/pages.php', 'Запись #7 обновлена', '/home/ikkf05/ikkf05.ru/docs/includes/class.base.php', 185, '', '', 1409685657),
(294, 'jambik', 1, '/admin/news.php', 'Запись #17 обновлена', '/home/ikkf05/ikkf05.ru/docs/includes/class.base.php', 185, '', '', 1412788380),
(295, 'jambik', 1, '/admin/news.php', 'Запись #17 обновлена', '/home/ikkf05/ikkf05.ru/docs/includes/class.base.php', 185, '', '', 1412788978),
(296, 'jambik', 1, '/admin/news.php', 'Запись #17 обновлена', '/home/ikkf05/ikkf05.ru/docs/includes/class.base.php', 185, '', '', 1412789057),
(297, 'jambik', 1, '/admin/gallery.php', 'Запись #14 добавлена', '/home/ikkf05/ikkf05.ru/docs/includes/class.base.php', 206, '', '', 1412789155),
(298, 'jambik', 1, '/admin/gallery.php', 'Файл 20140907_193207.jpg загружен на сервер', '/home/ikkf05/ikkf05.ru/docs/includes/class.base.php', 1071, '', '', 1412789155),
(299, 'jambik', 1, '/admin/gallery.php', 'Файл 20140907_201228.jpg загружен на сервер', '/home/ikkf05/ikkf05.ru/docs/includes/class.base.php', 1071, '', '', 1412789157),
(300, 'jambik', 1, '/admin/gallery.php', 'Файл 20140907_201543.jpg загружен на сервер', '/home/ikkf05/ikkf05.ru/docs/includes/class.base.php', 1071, '', '', 1412789158),
(301, 'jambik', 1, '/admin/gallery.php', 'Файл 20140907_202622.jpg загружен на сервер', '/home/ikkf05/ikkf05.ru/docs/includes/class.base.php', 1071, '', '', 1412789159),
(302, 'jambik', 1, '/admin/gallery.php', 'Файл 20140907_203113.jpg загружен на сервер', '/home/ikkf05/ikkf05.ru/docs/includes/class.base.php', 1071, '', '', 1412789160),
(303, 'jambik', 1, '/admin/gallery.php', 'Файл 20140907_203320.jpg загружен на сервер', '/home/ikkf05/ikkf05.ru/docs/includes/class.base.php', 1071, '', '', 1412789161),
(304, 'jambik', 1, '/admin/gallery.php', 'Файл 20140907_204307.jpg загружен на сервер', '/home/ikkf05/ikkf05.ru/docs/includes/class.base.php', 1071, '', '', 1412789162),
(305, 'jambik', 1, '/admin/gallery.php', 'Файл 20140907_205255.jpg загружен на сервер', '/home/ikkf05/ikkf05.ru/docs/includes/class.base.php', 1071, '', '', 1412789164),
(306, 'jambik', 1, '/admin/gallery.php', 'Файл 20140907_205546.jpg загружен на сервер', '/home/ikkf05/ikkf05.ru/docs/includes/class.base.php', 1071, '', '', 1412789165),
(307, 'jambik', 1, '/admin/gallery.php', 'Файл 20140907_210533.jpg загружен на сервер', '/home/ikkf05/ikkf05.ru/docs/includes/class.base.php', 1071, '', '', 1412789166),
(308, 'jambik', 1, '/admin/gallery.php', 'Запись #14 обновлена', '/home/ikkf05/ikkf05.ru/docs/includes/class.base.php', 185, '', '', 1412789277),
(309, 'jambik', 1, '/admin/gallery.php', 'Файл 20140907_210908.jpg загружен на сервер', '/home/ikkf05/ikkf05.ru/docs/includes/class.base.php', 1071, '', '', 1412789277),
(310, 'jambik', 1, '/admin/gallery.php', 'Файл 20140907_211522.jpg загружен на сервер', '/home/ikkf05/ikkf05.ru/docs/includes/class.base.php', 1071, '', '', 1412789278),
(311, 'jambik', 1, '/admin/gallery.php', 'Файл 20140907_211907.jpg загружен на сервер', '/home/ikkf05/ikkf05.ru/docs/includes/class.base.php', 1071, '', '', 1412789280),
(312, 'jambik', 1, '/admin/gallery.php', 'Файл 20140907_212031.jpg загружен на сервер', '/home/ikkf05/ikkf05.ru/docs/includes/class.base.php', 1071, '', '', 1412789281),
(313, 'jambik', 1, '/admin/gallery.php', 'Файл 20140907_212308.jpg загружен на сервер', '/home/ikkf05/ikkf05.ru/docs/includes/class.base.php', 1071, '', '', 1412789282),
(314, 'jambik', 1, '/admin/gallery.php', 'Файл 20140907_212512.jpg загружен на сервер', '/home/ikkf05/ikkf05.ru/docs/includes/class.base.php', 1071, '', '', 1412789283),
(315, 'jambik', 1, '/admin/gallery.php', 'Файл 20140907_212946.jpg загружен на сервер', '/home/ikkf05/ikkf05.ru/docs/includes/class.base.php', 1071, '', '', 1412789284),
(316, 'jambik', 1, '/admin/gallery.php', 'Файл 20140907_213427.jpg загружен на сервер', '/home/ikkf05/ikkf05.ru/docs/includes/class.base.php', 1071, '', '', 1412789286),
(317, 'jambik', 1, '/admin/gallery.php', 'Файл 20140907_213635.jpg загружен на сервер', '/home/ikkf05/ikkf05.ru/docs/includes/class.base.php', 1071, '', '', 1412789287),
(318, 'jambik', 1, '/admin/gallery.php', 'Файл 20140907_213810.jpg загружен на сервер', '/home/ikkf05/ikkf05.ru/docs/includes/class.base.php', 1071, '', '', 1412789288),
(319, 'jambik', 1, '/admin/gallery.php', 'Файл 20140907_213900.jpg загружен на сервер', '/home/ikkf05/ikkf05.ru/docs/includes/class.base.php', 1071, '', '', 1412789290),
(320, 'jambik', 1, '/admin/gallery.php', 'Файл 20140907_213910.jpg загружен на сервер', '/home/ikkf05/ikkf05.ru/docs/includes/class.base.php', 1071, '', '', 1412789291),
(321, 'jambik', 1, '/admin/gallery.php', 'Файл 20140907_214027.jpg загружен на сервер', '/home/ikkf05/ikkf05.ru/docs/includes/class.base.php', 1071, '', '', 1412789292),
(322, 'jambik', 1, '/admin/gallery.php', 'Запись #14 обновлена', '/home/ikkf05/ikkf05.ru/docs/includes/class.base.php', 185, '', '', 1412789374),
(323, 'jambik', 1, '/admin/gallery.php', 'Файл 20140907_214549.jpg загружен на сервер', '/home/ikkf05/ikkf05.ru/docs/includes/class.base.php', 1071, '', '', 1412789374),
(324, 'jambik', 1, '/admin/gallery.php', 'Файл 20140907_214654.jpg загружен на сервер', '/home/ikkf05/ikkf05.ru/docs/includes/class.base.php', 1071, '', '', 1412789375),
(325, 'jambik', 1, '/admin/gallery.php', 'Файл 20140907_214738.jpg загружен на сервер', '/home/ikkf05/ikkf05.ru/docs/includes/class.base.php', 1071, '', '', 1412789376),
(326, 'jambik', 1, '/admin/gallery.php', 'Файл 20140907_214816.jpg загружен на сервер', '/home/ikkf05/ikkf05.ru/docs/includes/class.base.php', 1071, '', '', 1412789377),
(327, 'jambik', 1, '/admin/gallery.php', 'Файл 20140907_214921.jpg загружен на сервер', '/home/ikkf05/ikkf05.ru/docs/includes/class.base.php', 1071, '', '', 1412789378),
(328, 'jambik', 1, '/admin/gallery.php', 'Файл 20140907_215859.jpg загружен на сервер', '/home/ikkf05/ikkf05.ru/docs/includes/class.base.php', 1071, '', '', 1412789380),
(329, 'jambik', 1, '/admin/gallery.php', 'Файл 20140907_215925.jpg загружен на сервер', '/home/ikkf05/ikkf05.ru/docs/includes/class.base.php', 1071, '', '', 1412789381),
(330, 'jambik', 1, '/admin/gallery.php', 'Файл 20140908_184819.jpg загружен на сервер', '/home/ikkf05/ikkf05.ru/docs/includes/class.base.php', 1071, '', '', 1412789382),
(331, 'jambik', 1, '/admin/gallery.php', 'Файл 20140908_184845.jpg загружен на сервер', '/home/ikkf05/ikkf05.ru/docs/includes/class.base.php', 1071, '', '', 1412789383),
(332, 'jambik', 1, '/admin/gallery.php', 'Файл 20140908_184904.jpg загружен на сервер', '/home/ikkf05/ikkf05.ru/docs/includes/class.base.php', 1071, '', '', 1412789384),
(333, 'jambik', 1, '/admin/gallery.php', 'Файл 20140908_184931.jpg загружен на сервер', '/home/ikkf05/ikkf05.ru/docs/includes/class.base.php', 1071, '', '', 1412789385),
(334, 'jambik', 1, '/admin/gallery.php', 'Файл 20140908_185702.jpg загружен на сервер', '/home/ikkf05/ikkf05.ru/docs/includes/class.base.php', 1071, '', '', 1412789387),
(335, 'jambik', 1, '/admin/gallery.php', 'Файл 20140908_185752.jpg загружен на сервер', '/home/ikkf05/ikkf05.ru/docs/includes/class.base.php', 1071, '', '', 1412789388),
(336, 'jambik', 1, '/admin/gallery.php', 'Запись #14 обновлена', '/home/ikkf05/ikkf05.ru/docs/includes/class.base.php', 185, '', '', 1412789445),
(337, 'jambik', 1, '/admin/gallery.php', 'Файл 20140910_073924.jpg загружен на сервер', '/home/ikkf05/ikkf05.ru/docs/includes/class.base.php', 1071, '', '', 1412789445),
(338, 'jambik', 1, '/admin/gallery.php', 'Файл 20140910_235554.jpg загружен на сервер', '/home/ikkf05/ikkf05.ru/docs/includes/class.base.php', 1071, '', '', 1412789446),
(339, 'jambik', 1, '/admin/gallery.php', 'Файл 20140910_235704.jpg загружен на сервер', '/home/ikkf05/ikkf05.ru/docs/includes/class.base.php', 1071, '', '', 1412789448),
(340, 'jambik', 1, '/admin/gallery.php', 'Запись #14 обновлена', '/home/ikkf05/ikkf05.ru/docs/includes/class.base.php', 185, '', '', 1412789627),
(341, 'jambik', 1, '/admin/gallery.php', 'Файл 20140907_204910.jpg загружен на сервер', '/home/ikkf05/ikkf05.ru/docs/includes/class.base.php', 1071, '', '', 1412789627),
(342, 'jambik', 1, '/admin/gallery.php', 'Файл 20140907_205107.jpg загружен на сервер', '/home/ikkf05/ikkf05.ru/docs/includes/class.base.php', 1071, '', '', 1412789628),
(343, 'jambik', 1, '/admin/video.php', 'Запись #18 добавлена', '/home/ikkf05/ikkf05.ru/docs/includes/class.base.php', 206, '', '', 1412828986),
(344, 'jambik', 1, '/admin/video.php', 'Запись #19 добавлена', '/home/ikkf05/ikkf05.ru/docs/includes/class.base.php', 206, '', '', 1412829011),
(345, 'jambik', 1, '/admin/video.php', 'Запись #20 добавлена', '/home/ikkf05/ikkf05.ru/docs/includes/class.base.php', 206, '', '', 1412829035),
(346, 'jambik', 1, '/admin/video.php', 'Запись #21 добавлена', '/home/ikkf05/ikkf05.ru/docs/includes/class.base.php', 206, '', '', 1412829059),
(347, 'jambik', 1, '/admin/video.php', 'Запись #22 добавлена', '/home/ikkf05/ikkf05.ru/docs/includes/class.base.php', 206, '', '', 1412829082),
(348, 'jambik', 1, '/admin/video.php', 'Запись #23 добавлена', '/home/ikkf05/ikkf05.ru/docs/includes/class.base.php', 206, '', '', 1412829104),
(349, 'jambik', 1, '/admin/video.php', 'Запись #24 добавлена', '/home/ikkf05/ikkf05.ru/docs/includes/class.base.php', 206, '', '', 1412829125),
(350, 'jambik', 1, '/admin/admins.php', 'Запись #2 обновлена', '/home/ikkf05/ikkf05.ru/docs/includes/class.base.php', 185, '', '', 1423394052),
(351, 'musa', 1, '/admin/pages.php', 'Запись #4 обновлена', '/home/ikkf05/ikkf05.ru/docs/includes/class.base.php', 185, '', '', 1423394522),
(352, 'musa', 1, '/admin/pages.php', 'Запись #5 обновлена', '/home/ikkf05/ikkf05.ru/docs/includes/class.base.php', 185, '', '', 1423394911),
(353, 'musa', 1, '/admin/pages.php', 'Запись #7 обновлена', '/home/ikkf05/ikkf05.ru/docs/includes/class.base.php', 185, '', '', 1423395124),
(354, 'musa', 1, '/admin/pages.php', 'Запись #7 обновлена', '/home/ikkf05/ikkf05.ru/docs/includes/class.base.php', 185, '', '', 1423395313),
(355, 'musa', 1, '/admin/pages.php', 'Запись #7 обновлена', '/home/ikkf05/ikkf05.ru/docs/includes/class.base.php', 185, '', '', 1423395396),
(356, 'musa', 1, '/admin/pages.php', 'Запись #7 обновлена', '/home/ikkf05/ikkf05.ru/docs/includes/class.base.php', 185, '', '', 1423395457),
(357, 'musa', 1, '/admin/pages.php', 'Запись #7 обновлена', '/home/ikkf05/ikkf05.ru/docs/includes/class.base.php', 185, '', '', 1423395507),
(358, 'musa', 1, '/admin/gallery.php', 'Запись #15 добавлена', '/home/ikkf05/ikkf05.ru/docs/includes/class.base.php', 206, '', '', 1423395684),
(359, 'musa', 1, '/admin/gallery.php', 'Файл IMG_0233.jpg загружен на сервер', '/home/ikkf05/ikkf05.ru/docs/includes/class.base.php', 1071, '', '', 1423395684),
(360, 'musa', 1, '/admin/gallery.php', 'Запись #16 добавлена', '/home/ikkf05/ikkf05.ru/docs/includes/class.base.php', 206, '', '', 1423395816),
(361, 'musa', 1, '/admin/gallery.php', 'Файл IMG_0233.jpg загружен на сервер', '/home/ikkf05/ikkf05.ru/docs/includes/class.base.php', 1071, '', '', 1423395816),
(362, 'musa', 1, '/admin/gallery.php', 'Файл IMG_0235.jpg загружен на сервер', '/home/ikkf05/ikkf05.ru/docs/includes/class.base.php', 1071, '', '', 1423395817),
(363, 'musa', 1, '/admin/gallery.php', 'Файл IMG_0242.jpg загружен на сервер', '/home/ikkf05/ikkf05.ru/docs/includes/class.base.php', 1071, '', '', 1423395817),
(364, 'musa', 1, '/admin/gallery.php', 'Файл IMG_0253.jpg загружен на сервер', '/home/ikkf05/ikkf05.ru/docs/includes/class.base.php', 1071, '', '', 1423395818),
(365, 'musa', 1, '/admin/gallery.php', 'Файл IMG_0260.jpg загружен на сервер', '/home/ikkf05/ikkf05.ru/docs/includes/class.base.php', 1071, '', '', 1423395818),
(366, 'musa', 1, '/admin/gallery.php', 'Файл IMG_0262.jpg загружен на сервер', '/home/ikkf05/ikkf05.ru/docs/includes/class.base.php', 1071, '', '', 1423395819),
(367, 'musa', 1, '/admin/gallery.php', 'Файл IMG_0278.jpg загружен на сервер', '/home/ikkf05/ikkf05.ru/docs/includes/class.base.php', 1071, '', '', 1423395820),
(368, 'musa', 1, '/admin/gallery.php', 'Файл IMG_0279.jpg загружен на сервер', '/home/ikkf05/ikkf05.ru/docs/includes/class.base.php', 1071, '', '', 1423395820),
(369, 'musa', 1, '/admin/gallery.php', 'Файл IMG_0296.jpg загружен на сервер', '/home/ikkf05/ikkf05.ru/docs/includes/class.base.php', 1071, '', '', 1423395821),
(370, 'musa', 1, '/admin/gallery.php', 'Файл IMG_0306.jpg загружен на сервер', '/home/ikkf05/ikkf05.ru/docs/includes/class.base.php', 1071, '', '', 1423395821),
(371, 'musa', 1, '/admin/gallery.php', 'Файл IMG_0312.jpg загружен на сервер', '/home/ikkf05/ikkf05.ru/docs/includes/class.base.php', 1071, '', '', 1423395822),
(372, 'musa', 1, '/admin/gallery.php', 'Файл IMG_0333.jpg загружен на сервер', '/home/ikkf05/ikkf05.ru/docs/includes/class.base.php', 1071, '', '', 1423395822),
(373, 'musa', 1, '/admin/gallery.php', 'Файл IMG_0336.jpg загружен на сервер', '/home/ikkf05/ikkf05.ru/docs/includes/class.base.php', 1071, '', '', 1423395823),
(374, 'musa', 1, '/admin/gallery.php', 'Файл IMG_0346.jpg загружен на сервер', '/home/ikkf05/ikkf05.ru/docs/includes/class.base.php', 1071, '', '', 1423395824),
(375, 'musa', 1, '/admin/gallery.php', 'Файл IMG_0347.jpg загружен на сервер', '/home/ikkf05/ikkf05.ru/docs/includes/class.base.php', 1071, '', '', 1423395824),
(376, 'musa', 1, '/admin/gallery.php', 'Запись #15 удалена', '/home/ikkf05/ikkf05.ru/docs/includes/class.base.php', 858, '', '', 1423395837),
(377, 'musa', 1, '/admin/gallery.php', 'Запись #16 обновлена', '/home/ikkf05/ikkf05.ru/docs/includes/class.base.php', 185, '', '', 1423395966),
(378, 'musa', 1, '/admin/gallery.php', 'Файл IMG_0351.jpg загружен на сервер', '/home/ikkf05/ikkf05.ru/docs/includes/class.base.php', 1071, '', '', 1423395966),
(379, 'musa', 1, '/admin/gallery.php', 'Файл IMG_0354.jpg загружен на сервер', '/home/ikkf05/ikkf05.ru/docs/includes/class.base.php', 1071, '', '', 1423395967),
(380, 'musa', 1, '/admin/gallery.php', 'Файл IMG_0356.jpg загружен на сервер', '/home/ikkf05/ikkf05.ru/docs/includes/class.base.php', 1071, '', '', 1423395967),
(381, 'musa', 1, '/admin/gallery.php', 'Файл IMG_0365.jpg загружен на сервер', '/home/ikkf05/ikkf05.ru/docs/includes/class.base.php', 1071, '', '', 1423395968),
(382, 'musa', 1, '/admin/gallery.php', 'Файл IMG_0398.jpg загружен на сервер', '/home/ikkf05/ikkf05.ru/docs/includes/class.base.php', 1071, '', '', 1423395969),
(383, 'musa', 1, '/admin/gallery.php', 'Файл IMG_0399.jpg загружен на сервер', '/home/ikkf05/ikkf05.ru/docs/includes/class.base.php', 1071, '', '', 1423395969),
(384, 'musa', 1, '/admin/gallery.php', 'Файл IMG_0401.jpg загружен на сервер', '/home/ikkf05/ikkf05.ru/docs/includes/class.base.php', 1071, '', '', 1423395970),
(385, 'musa', 1, '/admin/gallery.php', 'Файл IMG_0404.jpg загружен на сервер', '/home/ikkf05/ikkf05.ru/docs/includes/class.base.php', 1071, '', '', 1423395970),
(386, 'musa', 1, '/admin/gallery.php', 'Файл IMG_0405.jpg загружен на сервер', '/home/ikkf05/ikkf05.ru/docs/includes/class.base.php', 1071, '', '', 1423395971),
(387, 'musa', 1, '/admin/gallery.php', 'Файл IMG_0408.jpg загружен на сервер', '/home/ikkf05/ikkf05.ru/docs/includes/class.base.php', 1071, '', '', 1423395972),
(388, 'musa', 1, '/admin/gallery.php', 'Файл IMG_0412.jpg загружен на сервер', '/home/ikkf05/ikkf05.ru/docs/includes/class.base.php', 1071, '', '', 1423395972),
(389, 'musa', 1, '/admin/gallery.php', 'Файл IMG_0417.jpg загружен на сервер', '/home/ikkf05/ikkf05.ru/docs/includes/class.base.php', 1071, '', '', 1423395973),
(390, 'musa', 1, '/admin/gallery.php', 'Файл IMG_0422.jpg загружен на сервер', '/home/ikkf05/ikkf05.ru/docs/includes/class.base.php', 1071, '', '', 1423395973),
(391, 'musa', 1, '/admin/gallery.php', 'Файл IMG_0423.jpg загружен на сервер', '/home/ikkf05/ikkf05.ru/docs/includes/class.base.php', 1071, '', '', 1423395974),
(392, 'musa', 1, '/admin/gallery.php', 'Файл IMG_0424.jpg загружен на сервер', '/home/ikkf05/ikkf05.ru/docs/includes/class.base.php', 1071, '', '', 1423395975),
(393, 'musa', 1, '/admin/gallery.php', 'Файл IMG_0434.jpg загружен на сервер', '/home/ikkf05/ikkf05.ru/docs/includes/class.base.php', 1071, '', '', 1423395975),
(394, 'musa', 1, '/admin/gallery.php', 'Файл IMG_0436.jpg загружен на сервер', '/home/ikkf05/ikkf05.ru/docs/includes/class.base.php', 1071, '', '', 1423395976),
(395, 'musa', 1, '/admin/gallery.php', 'Файл IMG_0448.jpg загружен на сервер', '/home/ikkf05/ikkf05.ru/docs/includes/class.base.php', 1071, '', '', 1423395977),
(396, 'musa', 1, '/admin/gallery.php', 'Файл IMG_0472.jpg загружен на сервер', '/home/ikkf05/ikkf05.ru/docs/includes/class.base.php', 1071, '', '', 1423395977),
(397, 'musa', 1, '/admin/gallery.php', 'Файл IMG_0487.jpg загружен на сервер', '/home/ikkf05/ikkf05.ru/docs/includes/class.base.php', 1071, '', '', 1423395978),
(398, 'musa', 1, '/admin/gallery.php', 'Запись #16 обновлена', '/home/ikkf05/ikkf05.ru/docs/includes/class.base.php', 185, '', '', 1423396170),
(399, 'musa', 1, '/admin/gallery.php', 'Файл IMG_0493.jpg загружен на сервер', '/home/ikkf05/ikkf05.ru/docs/includes/class.base.php', 1071, '', '', 1423396170),
(400, 'musa', 1, '/admin/gallery.php', 'Файл IMG_0495.jpg загружен на сервер', '/home/ikkf05/ikkf05.ru/docs/includes/class.base.php', 1071, '', '', 1423396170),
(401, 'musa', 1, '/admin/gallery.php', 'Файл IMG_0499.jpg загружен на сервер', '/home/ikkf05/ikkf05.ru/docs/includes/class.base.php', 1071, '', '', 1423396171),
(402, 'musa', 1, '/admin/gallery.php', 'Файл IMG_0502.jpg загружен на сервер', '/home/ikkf05/ikkf05.ru/docs/includes/class.base.php', 1071, '', '', 1423396172),
(403, 'musa', 1, '/admin/gallery.php', 'Файл IMG_0511.jpg загружен на сервер', '/home/ikkf05/ikkf05.ru/docs/includes/class.base.php', 1071, '', '', 1423396172),
(404, 'musa', 1, '/admin/gallery.php', 'Файл IMG_0549.jpg загружен на сервер', '/home/ikkf05/ikkf05.ru/docs/includes/class.base.php', 1071, '', '', 1423396173),
(405, 'musa', 1, '/admin/gallery.php', 'Файл IMG_0578.jpg загружен на сервер', '/home/ikkf05/ikkf05.ru/docs/includes/class.base.php', 1071, '', '', 1423396173),
(406, 'musa', 1, '/admin/gallery.php', 'Файл IMG_0587.jpg загружен на сервер', '/home/ikkf05/ikkf05.ru/docs/includes/class.base.php', 1071, '', '', 1423396174),
(407, 'musa', 1, '/admin/gallery.php', 'Файл IMG_0606.jpg загружен на сервер', '/home/ikkf05/ikkf05.ru/docs/includes/class.base.php', 1071, '', '', 1423396174),
(408, 'musa', 1, '/admin/gallery.php', 'Запись #16 обновлена', '/home/ikkf05/ikkf05.ru/docs/includes/class.base.php', 185, '', '', 1423396191),
(409, 'musa', 1, '/admin/gallery.php', 'Файл IMG_0622.jpg загружен на сервер', '/home/ikkf05/ikkf05.ru/docs/includes/class.base.php', 1071, '', '', 1423396191),
(410, 'musa', 1, '/admin/gallery.php', 'Файл IMG_0650.jpg загружен на сервер', '/home/ikkf05/ikkf05.ru/docs/includes/class.base.php', 1071, '', '', 1423396191),
(411, 'musa', 1, '/admin/gallery.php', 'Файл IMG_0664.jpg загружен на сервер', '/home/ikkf05/ikkf05.ru/docs/includes/class.base.php', 1071, '', '', 1423396192),
(412, 'musa', 1, '/admin/gallery.php', 'Файл IMG_0667.jpg загружен на сервер', '/home/ikkf05/ikkf05.ru/docs/includes/class.base.php', 1071, '', '', 1423396193),
(413, 'musa', 1, '/admin/gallery.php', 'Запись #17 добавлена', '/home/ikkf05/ikkf05.ru/docs/includes/class.base.php', 206, '', '', 1423396267),
(414, 'musa', 1, '/admin/gallery.php', 'Запись #16 обновлена', '/home/ikkf05/ikkf05.ru/docs/includes/class.base.php', 185, '', '', 1423396345),
(415, 'musa', 1, '/admin/gallery.php', 'Запись #17 обновлена', '/home/ikkf05/ikkf05.ru/docs/includes/class.base.php', 185, '', '', 1423396433),
(416, 'musa', 1, '/admin/gallery.php', 'Файл 1-1.jpg загружен на сервер', '/home/ikkf05/ikkf05.ru/docs/includes/class.base.php', 1071, '', '', 1423396433),
(417, 'musa', 1, '/admin/gallery.php', 'Файл 1-2.jpg загружен на сервер', '/home/ikkf05/ikkf05.ru/docs/includes/class.base.php', 1071, '', '', 1423396434),
(418, 'musa', 1, '/admin/gallery.php', 'Файл 1-3.jpg загружен на сервер', '/home/ikkf05/ikkf05.ru/docs/includes/class.base.php', 1071, '', '', 1423396435),
(419, 'musa', 1, '/admin/gallery.php', 'Файл 1-4.jpg загружен на сервер', '/home/ikkf05/ikkf05.ru/docs/includes/class.base.php', 1071, '', '', 1423396435),
(420, 'musa', 1, '/admin/gallery.php', 'Файл 1-5.jpg загружен на сервер', '/home/ikkf05/ikkf05.ru/docs/includes/class.base.php', 1071, '', '', 1423396436),
(421, 'musa', 1, '/admin/gallery.php', 'Файл 1-6.jpg загружен на сервер', '/home/ikkf05/ikkf05.ru/docs/includes/class.base.php', 1071, '', '', 1423396436),
(422, 'musa', 1, '/admin/gallery.php', 'Файл 1-7.jpg загружен на сервер', '/home/ikkf05/ikkf05.ru/docs/includes/class.base.php', 1071, '', '', 1423396437),
(423, 'musa', 1, '/admin/gallery.php', 'Файл 1-8.jpg загружен на сервер', '/home/ikkf05/ikkf05.ru/docs/includes/class.base.php', 1071, '', '', 1423396438),
(424, 'musa', 1, '/admin/gallery.php', 'Файл 1-9.jpg загружен на сервер', '/home/ikkf05/ikkf05.ru/docs/includes/class.base.php', 1071, '', '', 1423396438),
(425, 'musa', 1, '/admin/gallery.php', 'Файл 1-10.jpg загружен на сервер', '/home/ikkf05/ikkf05.ru/docs/includes/class.base.php', 1071, '', '', 1423396439),
(426, 'musa', 1, '/admin/gallery.php', 'Запись #17 обновлена', '/home/ikkf05/ikkf05.ru/docs/includes/class.base.php', 185, '', '', 1423396476),
(427, 'musa', 1, '/admin/gallery.php', 'Файл 1-11.jpg загружен на сервер', '/home/ikkf05/ikkf05.ru/docs/includes/class.base.php', 1071, '', '', 1423396476),
(428, 'musa', 1, '/admin/gallery.php', 'Файл 1-12.jpg загружен на сервер', '/home/ikkf05/ikkf05.ru/docs/includes/class.base.php', 1071, '', '', 1423396477),
(429, 'musa', 1, '/admin/gallery.php', 'Файл 1-13.jpg загружен на сервер', '/home/ikkf05/ikkf05.ru/docs/includes/class.base.php', 1071, '', '', 1423396477),
(430, 'musa', 1, '/admin/gallery.php', 'Файл 1-14.jpg загружен на сервер', '/home/ikkf05/ikkf05.ru/docs/includes/class.base.php', 1071, '', '', 1423396478),
(431, 'musa', 1, '/admin/gallery.php', 'Файл 1-15.jpg загружен на сервер', '/home/ikkf05/ikkf05.ru/docs/includes/class.base.php', 1071, '', '', 1423396478),
(432, 'musa', 1, '/admin/gallery.php', 'Файл 1-16.jpg загружен на сервер', '/home/ikkf05/ikkf05.ru/docs/includes/class.base.php', 1071, '', '', 1423396479),
(433, 'musa', 1, '/admin/gallery.php', 'Файл 1-17.jpg загружен на сервер', '/home/ikkf05/ikkf05.ru/docs/includes/class.base.php', 1071, '', '', 1423396480),
(434, 'musa', 1, '/admin/gallery.php', 'Файл 1-18.jpg загружен на сервер', '/home/ikkf05/ikkf05.ru/docs/includes/class.base.php', 1071, '', '', 1423396480),
(435, 'musa', 1, '/admin/gallery.php', 'Файл 1-19.jpg загружен на сервер', '/home/ikkf05/ikkf05.ru/docs/includes/class.base.php', 1071, '', '', 1423396481),
(436, 'musa', 1, '/admin/gallery.php', 'Файл 1-20.jpg загружен на сервер', '/home/ikkf05/ikkf05.ru/docs/includes/class.base.php', 1071, '', '', 1423396482),
(437, 'musa', 1, '/admin/gallery.php', 'Файл 1-21.jpg загружен на сервер', '/home/ikkf05/ikkf05.ru/docs/includes/class.base.php', 1071, '', '', 1423396482),
(438, 'musa', 1, '/admin/gallery.php', 'Файл 1-22.jpg загружен на сервер', '/home/ikkf05/ikkf05.ru/docs/includes/class.base.php', 1071, '', '', 1423396483),
(439, 'musa', 1, '/admin/gallery.php', 'Файл 1-23.jpg загружен на сервер', '/home/ikkf05/ikkf05.ru/docs/includes/class.base.php', 1071, '', '', 1423396483),
(440, 'musa', 1, '/admin/gallery.php', 'Файл 1-24.jpg загружен на сервер', '/home/ikkf05/ikkf05.ru/docs/includes/class.base.php', 1071, '', '', 1423396484),
(441, 'musa', 1, '/admin/pages.php', 'Запись #1 обновлена', '/home/ikkf05/ikkf05.ru/docs/includes/class.base.php', 185, '', '', 1423397499),
(442, 'musa', 1, '/admin/news.php', 'Запись #18 добавлена', '/home/ikkf05/ikkf05.ru/docs/includes/class.base.php', 206, '', '', 1423397818),
(443, 'musa', 1, '/admin/news.php', 'Запись #18 обновлена', '/home/ikkf05/ikkf05.ru/docs/includes/class.base.php', 185, '', '', 1423397838),
(444, 'musa', 1, '/admin/news.php', 'Запись #19 добавлена', '/home/ikkf05/ikkf05.ru/docs/includes/class.base.php', 206, '', '', 1423397879),
(445, 'musa', 1, '/admin/news.php?sort=news_date&order=desc', 'Запись #19 обновлена', '/home/ikkf05/ikkf05.ru/docs/includes/class.base.php', 185, '', '', 1423397891),
(446, 'musa', 1, '/admin/news.php', 'Запись #19 обновлена', '/home/ikkf05/ikkf05.ru/docs/includes/class.base.php', 185, '', '', 1423397900),
(447, 'musa', 1, '/admin/news.php', 'Запись #19 обновлена', '/home/ikkf05/ikkf05.ru/docs/includes/class.base.php', 185, '', '', 1423398130),
(448, 'musa', 1, '/admin/news.php', 'Файл 1-6.jpg загружен на сервер', '/home/ikkf05/ikkf05.ru/docs/includes/class.base.php', 1071, '', '', 1423398130),
(449, 'musa', 1, '/admin/news.php', 'Запись #19 обновлена', '/home/ikkf05/ikkf05.ru/docs/includes/class.base.php', 185, '', '', 1423398193),
(450, 'musa', 1, '/admin/news.php', 'Запись #19 обновлена', '/home/ikkf05/ikkf05.ru/docs/includes/class.base.php', 185, '', '', 1423398271),
(451, 'jambik', 1, '/admin/video.php', 'Запись #25 добавлена', '/home/ikkf05/ikkf05.ru/docs/includes/class.base.php', 206, '', '', 1423644507),
(452, 'jambik', 1, '/admin/video.php', 'Запись #26 добавлена', '/home/ikkf05/ikkf05.ru/docs/includes/class.base.php', 206, '', '', 1423644525),
(453, 'jambik', 1, '/admin/video.php', 'Запись #27 добавлена', '/home/ikkf05/ikkf05.ru/docs/includes/class.base.php', 206, '', '', 1423644543),
(454, 'jambik', 1, '/admin/video.php', 'Запись #28 добавлена', '/home/ikkf05/ikkf05.ru/docs/includes/class.base.php', 206, '', '', 1423644561),
(455, 'jambik', 1, '/admin/video.php', 'Запись #29 добавлена', '/home/ikkf05/ikkf05.ru/docs/includes/class.base.php', 206, '', '', 1423644580),
(456, 'jambik', 1, '/admin/pages.php', 'Запись #1 обновлена', '/var/www/ikkf05.ru/html/includes/class.base.php', 185, '', '', 1449684773),
(457, 'jambik', 1, '/admin/pages.php', 'Запись #1 обновлена', '/var/www/ikkf05.ru/html/includes/class.base.php', 185, '', '', 1449684774),
(458, 'jambik', 1, '/admin/pages.php', 'Запись #2 обновлена', '/var/www/ikkf05.ru/html/includes/class.base.php', 185, '', '', 1449684776),
(459, '', 2, '/page.php', 'Ошибка при выборе записей', '/var/www/ikkf05.ru/html/includes/class.base.php', 721, '1064', 'You have an error in your SQL syntax; check the manual that corresponds to your MySQL server version for the right syntax to use near ''A=0''  \n						ORDER BY  page_order  \n						LIMIT 0, 1000000'' at line 4', 1449692590),
(460, '', 2, '/page.php', 'Ошибка при выборе записей', '/var/www/ikkf05.ru/html/includes/class.base.php', 721, '1064', 'You have an error in your SQL syntax; check the manual that corresponds to your MySQL server version for the right syntax to use near ''A=0''  \n						ORDER BY  page_order  \n						LIMIT 0, 1000000'' at line 4', 1449943427),
(461, '', 2, '/page.php', 'Ошибка при выборе записей', '/var/www/ikkf05.ru/html/includes/class.base.php', 721, '1064', 'You have an error in your SQL syntax; check the manual that corresponds to your MySQL server version for the right syntax to use near ''A=0''  \n						ORDER BY  page_order  \n						LIMIT 0, 1000000'' at line 4', 1450208941);

-- --------------------------------------------------------

--
-- Table structure for table `news`
--

CREATE TABLE IF NOT EXISTS `news` (
  `news_id` int(11) NOT NULL AUTO_INCREMENT,
  `news_title` text NOT NULL,
  `news_text` text NOT NULL,
  `news_date` int(11) NOT NULL,
  `news_order` int(11) NOT NULL,
  PRIMARY KEY (`news_id`)
) ENGINE=MyISAM  DEFAULT CHARSET=utf8 AUTO_INCREMENT=20 ;

--
-- Dumping data for table `news`
--

INSERT INTO `news` (`news_id`, `news_title`, `news_text`, `news_date`, `news_order`) VALUES
(1, 'Летний лагерь по Кекусинкай карате', '<p>С 8 до 12 мая в г. Баку, рес. Азербайджан был проведен летний лагерь по Кекусинкай карате.</p>\r\n\r\n<p>В семинаре участвовали 521 спортсмен из разных стран. Международный семинар в летнем лагере возглавлял Президент Международной Организации Тейюб Азизов (9 дан). Во время семинара были отработаны все техники Кекусинкай карате, так же было показано и объяснено техника нового боевого стиля &laquo;S&raquo; версии. Сам лично канчо создатель IKKO &laquo;S&raquo; версии показал приемы боя.<br />\r\n<br />\r\nСеминар проводился на протяжении 5 дней. В последний день семинара был проведен дан-тест, который принимал сам канчо. Спортсмены успешно прошли дан-тест и сдали экзамен.</p>', 1340721465, 0),
(2, 'Кубок мира - 2012', '<p style="text-align:center"><strong>30.11.2012 &ndash; 03.12.2012<br />\r\nТурция, Истанбул<br />\r\n15 стран, 289 участников</strong></p>\r\n\r\n<p><strong>Девушки 50 кг</strong><br />\r\nI Hayrunisa Duman (Tur)<br />\r\nII Turgci Yagci (Tur)<br />\r\nIII Nazarova Manizha (Taj)<br />\r\nIII Grigoriyants Zhanna (Ukr)<br />\r\n<br />\r\n<strong>Девушки 55 кг</strong><br />\r\nI Abdulsalamova Saltanat (Rus)<br />\r\nII Hatice Ozderya (Tur)<br />\r\nIII Gamze Fazlioglu (Tur)<br />\r\nIII Pajkovska Ema (Pol)<br />\r\n<br />\r\n<strong>Девушки 60 кг</strong><br />\r\nI Gulsum Fazlioglu (Tur)<br />\r\nII Tuba Kilic (Tur)<br />\r\nIII Jazinski Anna (Bel)<br />\r\nIII Bolqova Natali (KGZ)<br />\r\n<br />\r\n<strong>Женщины 60 кг</strong><br />\r\n<br />\r\nI Berna Aydin (Tur)<br />\r\nII Melina Ozdemir (Tur)<br />\r\nIII Nikolayeva Liliya (Ukr)<br />\r\nIII Fedorichtcheva Tatyana (Bel)<br />\r\n<br />\r\n<strong>Женщины 60+ кг</strong><br />\r\nI Turce Topuz (Tur)<br />\r\nII Buse Tpuz (Tur)<br />\r\nIII Yucenko Tamara (Uzb)<br />\r\nIII Herry Agneiszka (Pol)<br />\r\n<br />\r\n<br />\r\n<strong>Мальчики 50 кг</strong><br />\r\nI Dzhalilov Sirozhiddin (Taj)<br />\r\nII Shahbazli Elgiz (Aze)<br />\r\nIII Omer Ceylan (Tur)<br />\r\nIII Nurrulloyev Farzov (Taj)<br />\r\n<br />\r\n<strong>Мальчики 55 кг</strong><br />\r\nI Berkay Shahin (Tur)<br />\r\nII Szjovski Artur (Pol)<br />\r\nIII Startsev Dmitriy (Ukr)<br />\r\nIII Shouvalov Ilya (Bel)<br />\r\n<br />\r\n<strong>Мальчики 60 кг</strong><br />\r\n<br />\r\nI Ibragimov Israpil (Rus)<br />\r\nII Koromatov Parviz (Taj)<br />\r\nIII Dovlatov Untamzhon (Taj)<br />\r\nIII Ismailov Rashad (Aze)<br />\r\n<br />\r\n<strong>Мальчики 65 кг</strong><br />\r\nI Akhkubegov Akhubeg (Rus)<br />\r\nII Erkan Ozbey (Tur)<br />\r\nIII Muhammet Topcu (Tur)<br />\r\nIII Barish Akdag (Tur)<br />\r\n<br />\r\n<strong>Мальчики 70 кг</strong><br />\r\nI Izettin Uqurlu (Tur)<br />\r\nII Evrimsam Karagoz (Tur)<br />\r\nIII Sypien Sylvester (Pol)<br />\r\nIII Vasiliy Petrenko (Bel)<br />\r\n<br />\r\n<strong>Мальчики 75 кг</strong><br />\r\nI Yusufcan Yenisu (Tur)<br />\r\nII Tayfun Yashar (Tur)<br />\r\nIII Batuhan Chakir (Tur)<br />\r\nIII Yunus emre Osmanoglu (Tur)<br />\r\n<br />\r\n<strong>Мальчики 75+ кг</strong><br />\r\nI Mehmet Afshin (Tur)<br />\r\nII Ziya Rifat Ipsiz (Tur)<br />\r\nIII Vasilyev Valeri (Bel)<br />\r\nIII Belikov Alexandr (Bel)<br />\r\n<br />\r\n<strong>Мужчины 60 кг</strong><br />\r\nI Khalikov Gusen (Rus)<br />\r\nII Rashidov Hajibala (Aze)<br />\r\nIII Isakov Aibol (Kaz)<br />\r\nIII Abzhanov Berikzhan (Kaz)<br />\r\n<br />\r\n<strong>Мужчины 70 кг</strong><br />\r\nI Akhmedov Magomed (Rus)<br />\r\nII Kairbekov Anvar (Rus)<br />\r\nIII Aliyev Elshad (Aze)<br />\r\nIII Mustafa Bash (Tur)<br />\r\n<br />\r\n<strong>Мужчины 75 кг</strong><br />\r\nI Tanju Demiral (Tur)<br />\r\nII Karamatov Askar (Taj)<br />\r\nIII Unal Ozleme (Tur)<br />\r\nIII Hidir Altindag (Tur)<br />\r\n<br />\r\n<strong>Мужчины 80 кг</strong><br />\r\nI Imacaziyev Taymazkhan (Rus)<br />\r\nII Shahin Yildiz (Tur)<br />\r\nIII Shaipov Musa (Aus)<br />\r\nIII Zhumagaliyev Yezbol (Kaz)<br />\r\n<br />\r\n<strong>Мужчины 80+ кг</strong><br />\r\nI Magomedov Abdulatip (Rus)<br />\r\nII Okassov Dauren (Kaz)<br />\r\nIII Akif Borucu (Tur)<br />\r\nIII Binali Cikdem (Tur)</p>', 1355585967, 0),
(3, 'Команда прибыла на чемпионат мира 2013 в г. Баку', '<p>Команда Дагестана прибыла на чемпионат мира в г. Баку 22 ноября 2013 г. В чемпионате мира принимают участие более 300 спортсменов из 22-ух стран. Соревнования будут проходить в весовых категориях среди мужчин и женщин. Наши спортсмены будут представлять нас в следующих весовых категориях: 50кг,&nbsp;55кг, 60кг, 65кг, 70кг, 75кг, 80кг, свыше 80 кг. среди мужчин и в весовой категории до 55 кг. среди женщин.</p>\r\n\r\n<p>&nbsp;</p>', 1385133631, 0),
(4, 'Завершился чемпионат мира 2013 по киокушинкай в г. Баку', '<p>Завершился чемпионат мира 2013 по киокушинкай, где сборная России заняла третье&nbsp;общекомандное место.</p>\r\n\r\n<p>На чемпионате мира был приглашен в качестве главного судьи великий мастер из Румынии Ишван Адамс - 8-ой дан, который является учеником величайшего мастера всех времен Оямы Масутацу.</p>\r\n\r\n<p><img alt="" src="/files/images/IMG_2125_600x450.JPG" style="height:450px; width:600px" /></p>\r\n\r\n<h3><span style="line-height:1.2em">Список наших победителей и призеров:</span></h3>\r\n\r\n<ul>\r\n	<li>1-е место - Абдусаламова Салтанат, свыше 50кг.</li>\r\n	<li>1-е место - Шейхамиров Мудунгаджи, до 50кг.</li>\r\n	<li>2-е место - Магомедов Расул, до 60кг.</li>\r\n	<li>2-е место - Имагазиев Таймазхан, до 80кг.</li>\r\n	<li>3-е место - Ахкубегов Ахкубег, до 65кг.</li>\r\n	<li>3-е место - Магомедов Абдулатип, свыше 80кг.</li>\r\n	<li>4-е место - Каирбеков Анвар, до 70 кг.</li>\r\n</ul>\r\n\r\n<p>Мы поздравляем нашу команду с успешным выступлением на чемпионате мира. Желаем дальнейших успехов и здоровья!</p>\r\n\r\n<p>&nbsp;</p>\r\n\r\n<p><img alt="" src="/files/images/IMG_2094_800x600.JPG" /></p>', 1385394283, 0),
(5, 'Прошло первенство среди детей и юношей', '<p>17 ноября, 2013 года&nbsp;прошло первенство клуба &quot;Сайфун&quot; среди детей и юношей в г. Махачкала. В первенстве приняли участие 100 человек из школы №7, школы №36 и школы №56.</p>\r\n\r\n<p><img alt="" src="/files/images/DSC_0254_800x600.jpg" style="height:600px; width:800px" /></p>\r\n\r\n<p><img alt="" src="/files/images/DSC_0258.jpg" style="height:600px; width:800px" /></p>\r\n\r\n<p><img alt="" src="/files/images/DSC_0259.jpg" style="height:600px; width:800px" /></p>', 1384703780, 0),
(6, 'Прошли зимние сборы 2013', '<p>Прошли зимние сборы. В аттестации приняли участие 130 спортсменов из школ №7, №36, №56, №29 и школы поселка Тюбэ.&nbsp;105 человек успешно сдали экзамены. П<span style="color:rgb(34, 34, 34); font-family:arial,sans-serif">оздравляем девчонок школы №29 проявивших себя на атестации лучше всех&nbsp;и пожелать им удачи в своем нелегком начинании в Киокушине.</span>&nbsp;Хотелось бы поздравить всех участников аттестации и пожелать нашим молодым спортсменам дальшейших успехов в будущем и поздравить всех с наступающим новым 2014&nbsp;годом.</p>\r\n\r\n<p><img alt="" class="img-responsive" src="/files/images/DSC_0315.jpg" /></p>', 1387709660, 0),
(7, 'Инструкторские сборы', '<p>В начале 2014 года в г. Махачкала прошли инструкторские республиканские сборы под руководством основателя карате-кёкусинкай Дагестана Шихана&nbsp;Гаммадова Арсена Иманалиевича (6 дан). После сборов состоялось собрание руководителей клубов, где создали президиум федерации каратэ кёкусинкай Дагестана. Собрание проходило в ДГЦБИ (Дагестанском Государственном Центре Боевых Исскусств).</p>\r\n\r\n<p><img alt="" class="img-responsive" src="/files/images/Image_005.jpg" /></p>\r\n\r\n<p><img alt="" class="img-responsive" src="/files/images/Image_027.jpg" /></p>', 1389525522, 0),
(8, 'Прошла подготовка к отборочному чемпионату Дагестана', '<p>Прошла подготовка к отборочному чемпионату и первенству Дагестана сборной команды г. Махачкалы, клуба &quot;Сайфун&quot; под руководством главного тренера сборной Дагестана сенсея Мусаева Мусы Магомедхановича (3 дан)</p>\r\n\r\n<p><img alt="" src="/files/images/image_7.jpg" style="height:448px; width:600px" /></p>\r\n\r\n<p><img alt="" src="/files/images/image_8.jpg" style="height:448px; width:600px" /></p>\r\n\r\n<p><img alt="" src="/files/images/image_9.jpg" style="height:448px; width:600px" /></p>', 1390130972, 0),
(9, 'Прошла встреча воспитанника нашей федерации клуба "Сайфун" Муртазалиева Халида', '<p>Прошла встреча воспитанника нашей федерации клуба &quot;Сайфун&quot; Муртазалиева Халида, победителя в чемпионате СНГ по М1 Fighter в весовой категории до 84 кг.</p>\r\n\r\n<p>От лица нашей федерации мы от всей души поздравляем Халида с победой, и желаем ему дальшейних успехов и ярких побед.</p>\r\n\r\n<p><img alt="" src="/files/images/image.jpg" style="height:403px; width:604px" /></p>\r\n\r\n<p><img alt="" src="/files/images/image_5.jpg" style="height:403px; width:604px" /></p>\r\n\r\n<p><img alt="" src="/files/images/image_6.jpg" style="height:403px; width:604px" /></p>\r\n\r\n<p><img alt="" src="/files/images/image_4.jpg" style="height:403px; width:604px" /></p>\r\n\r\n<p><img alt="" src="/files/images/image_3.jpg" style="height:351px; width:640px" /></p>\r\n\r\n<p><img alt="" src="/files/images/image(1).jpg" style="height:448px; width:600px" /></p>', 1390477223, 0),
(10, 'Прошел чемпионат и первенство Дагестана отбор на Россию', '<p>Прошел чемпионат и первенство Дагестана отбор на Россию, где приняли участие около 200 спортсменов из 13 клубов республики. Спортсмены нашего клуба &quot;Сайфун&quot; выступили отлично и завоевали 15 первых мест и путевку на Россию которые пройдут 29-30 марта в г. Екатеринбурге. Желаем всем нашим спортсменам только побед.</p>\r\n\r\n<p><img alt="" src="/files/images/dat2014_01.jpg" style="height:450px; width:600px" /></p>\r\n\r\n<p><img alt="" src="/files/images/dat2014_02.jpg" style="height:450px; width:600px" /></p>\r\n\r\n<p><img alt="" src="/files/images/dat2014_03.jpg" /></p>\r\n\r\n<p><img alt="" src="/files/images/dat2014_04.jpg" /></p>\r\n\r\n<p><img alt="" src="/files/images/dat2014_05.jpg" /></p>\r\n\r\n<p><img alt="" src="/files/images/dat2014_06.jpg" /></p>\r\n\r\n<p><img alt="" src="/files/images/dat2014_07.jpg" /></p>\r\n\r\n<p><img alt="" src="/files/images/dat2014_08.jpg" /></p>\r\n\r\n<p><img alt="" src="/files/images/dat2014_09.jpg" /></p>\r\n\r\n<p><img alt="" src="/files/images/dat2014_10.jpg" /></p>\r\n\r\n<p><img alt="" src="/files/images/dat2014_11.jpg" /></p>\r\n\r\n<p><img alt="" src="/files/images/dat2014_12.jpg" /></p>\r\n\r\n<p><img alt="" src="/files/images/dat2014_13.jpg" /></p>\r\n\r\n<p><img alt="" src="/files/images/dat2014_14.jpg" /></p>\r\n\r\n<p><img alt="" src="/files/images/dat2014_15.jpg" /></p>\r\n\r\n<p><img alt="" src="/files/images/dat2014_16.jpg" /></p>\r\n\r\n<p><img alt="" src="/files/images/dat2014_17.jpg" /></p>\r\n\r\n<p><img alt="" src="/files/images/dat2014_18.jpg" /></p>\r\n\r\n<p><img alt="" src="/files/images/dat2014_19.jpg" /></p>\r\n\r\n<p><img alt="" src="/files/images/dat2014_20.jpg" /></p>\r\n\r\n<p><img alt="" src="/files/images/dat2014_21.jpg" /></p>\r\n\r\n<p><img alt="" src="/files/images/dat2014_22.jpg" /></p>\r\n\r\n<p><img alt="" src="/files/images/dat2014_23.jpg" /></p>', 1391962239, 0),
(11, 'Прошел чемпионат России 2014 г.', '<p>Мы поздравляем наших спортсменов с отличным выступлением на чемпионате и первенстве России, который прошел 29-30 марта в г. Екатеринбурге, где наши спортсмены завоевали 4 золотых, 2 серебряных и 3 бронзовых наград.</p>\n\n<p><strong>Список призеров:</strong></p>\n\n<ul>\n	<li>Низовцев Дмитрий, 10-11 лет, до 33 кг.&nbsp;<strong>1-е место</strong></li>\n	<li>Ханахмедов Камал, 12-13 лет, до 40 кг.&nbsp;<strong>1-е место</strong></li>\n	<li>Имагазиев Таймазхан, мужчины, до 80 кг.&nbsp;<strong>1-е место</strong></li>\n	<li>Абдусаламова Салтанат, женщины, до 60 кг.&nbsp;<strong>1-е место</strong></li>\n	<li>Саламов Зайналабид, 14-15 лет, до 55 кг.&nbsp;<strong>2-е место</strong></li>\n	<li>Гаджиев Ислам, 16-17 лет, до 55 кг.&nbsp;<strong>2-е место</strong></li>\n	<li>Ибрагимов Исрапил, 16-17 лет, до 65 кг.&nbsp;<strong>3-е место</strong></li>\n	<li>Ибрагимов Ибрагим,&nbsp;16-17 лет, свыше 65 кг.&nbsp;<strong>3-е место</strong></li>\n	<li>Тагиров Мурад, ветераны, свыше 80 кг.&nbsp;<strong>3-е место</strong></li>\n</ul>\n\n<p>&nbsp;</p>\n\n<p><strong><img alt="" src="/files/images/IMG_2146.JPG" style="height:598px; width:800px" /></strong></p>\n\n<ul>\n</ul>', 1396455026, 0),
(12, 'Тяжелая потеря хорошего друга', '<p><span style="color:rgb(102, 102, 102); font-family:arial,tahoma,verdana,sans-serif; font-size:12px">Тяжелая потеря для нас. Хороший друг, прекрасный человек, отличный спортсмен, нашего брата Абдулатипа Магомедова уже с нами нет. помним и скорбим.</span></p>\r\n\r\n<p><span style="color:rgb(102, 102, 102); font-family:arial,tahoma,verdana,sans-serif; font-size:12px"><img alt="" src="/files/images/MagomedovAbdulatip.jpg" style="height:400px; width:300px" /></span></p>', 1398440894, 0),
(13, 'Прошел городской турнир "Кубок Новичка"', '<p>Прошел городской турнир &quot;Кубок Новичка&quot;. Поздравляем всех ребят и желаем дальнейших успехов.</p>\r\n\r\n<p><img alt="" src="/files/images/IMG_2799.JPG" style="height:600px; width:800px" /></p>', 1398873313, 0),
(14, 'Прошло открытое первенство ДЮСШ Новолакского района', '<p>Прошло открытое первенство ДЮСШ Новолакского района, где спортсмены клуба &quot;Сайфун&quot; выступили успешно.</p>\r\n\r\n<p><img alt="" src="/files/images/IMG_2763.JPG" style="height:600px; width:800px" /></p>', 1398614312, 0),
(15, 'Прошло открытое первенство Ставропольского края', '<p>Прошло открытое первенство Ставропольского края, где наши спортсмены завоевали 2-е общекомандное место.</p>\r\n\r\n<p><img alt="" src="/files/images/IMG_0140.JPG" style="height:598px; width:800px" /></p>\r\n\r\n<p>&nbsp;</p>\r\n\r\n<p><img alt="" src="/files/images/IMG_0131.JPG" style="height:598px; width:800px" /></p>', 1395763341, 0),
(16, 'Прошли летние сборы', '<p>Прошли Республиканские летние сборы в Гунибском районе в спортивном лагере &quot;Каскад&quot; с 10 по 25&nbsp;июня, где приняли участие 100 спортсменов из школ №7, №36, №56, №29 г.Махачкалы&nbsp;и поселка Тюбэ. Проводились возростные соревнования в шести видах&nbsp;программ&nbsp;по бегу, подтягиванию, армреслингу, настольный теннис, ката и ОФП. Победители и призеры награждались медалями и дипломами.</p>\r\n\r\n<p><img alt="" src="/files/images/20140611_102309.jpg" style="height:600px; width:800px" /></p>\r\n\r\n<p><img alt="" src="/files/images/20140625_111216.jpg" style="height:600px; width:800px" /></p>\r\n\r\n<p>&nbsp;</p>', 1403766703, 0),
(17, 'Прошел чемпионат и первенство Европы в городе Стамбул, Турция', '<p>Мы поздравляем наших спортсменов с отличным выступлением на чемпионате и первенстве Европы, который прошел 6-7 сентября в г. Стамбул, Турция, где наши спортсмены завоевали 6 золотых, 1&nbsp;серебряных и 4 бронзовых наград, и командное первое место среди 20 стран.</p>\r\n\r\n<p><strong>Список призеров:</strong></p>\r\n\r\n<ul>\r\n	<li>Саламов Ахмат, 10-12 лет, до 36 кг.&nbsp;<strong>1-е место</strong></li>\r\n	<li>Бугаев Никамагомед, 13-15 лет, до 42 кг.&nbsp;<strong>1-е место</strong></li>\r\n	<li>Магомедов Хазбулла, 13-15 лет, свыше 55 кг.&nbsp;<strong>1-е место</strong></li>\r\n	<li>Абдусаламова Салтанат, 16-18 лет, до 55 кг.&nbsp;<strong>1-е место</strong></li>\r\n	<li>Ибрагимов Ибрагим, 16-18 лет, до 70 кг. <strong>1-е место</strong></li>\r\n	<li>Шейхамиров Мудунгаджи, мужчины, до 60 кг. <strong>1-е место</strong></li>\r\n	<li>Бахмудов Амир, 16-18 лет, до 55 кг. <strong>2-е место</strong></li>\r\n	<li>Саламов Зайналабид, 16-18 лет, до 55 кг.&nbsp;<strong>3-е место</strong></li>\r\n	<li>Магомедов Исмаил, 10-12 лет, до 30 кг.&nbsp;<strong>3-е место</strong></li>\r\n	<li>Урдуханов Аслан, мужчины, до 65 кг.&nbsp;<strong>3-е место</strong></li>\r\n	<li>Бартиханов Аскерхан, мужчины, до 70 кг.&nbsp;<strong>3-е место</strong></li>\r\n</ul>\r\n\r\n<p><strong><img alt="" src="/files/images/20140907_214816.jpg" style="height:600px; width:800px" /></strong></p>\r\n\r\n<p><strong><img alt="" src="/files/images/20140907_193207.jpg" style="height:600px; width:800px" /></strong></p>', 1410369857, 0),
(18, 'Прошли зимние УТС (аттестация) с 10 по 7 кю. Декабрь 2014', '<p>Прошли Республиканские зимние УТС (аттестация) в г.Махачкала&nbsp;в шк №7 с 10 по 7 кю, где приняли участие 115 спортсменов из школ №7, №33,&nbsp;№36, №56, №29 г.Махачкалы, г. Каспийска, Новолакского района&nbsp;и поселка Тюбэ.</p>\r\n\r\n<p><img alt="" src="/files/images/IMG_0233.jpg" style="height:533px; width:800px" /></p>\r\n\r\n<p><img alt="" src="/files/images/IMG_0664.jpg" style="height:449px; width:800px" /></p>', 1419077838, 0),
(19, 'Прошли зимние УТС (аттестация) с 6 кю по 2 дан. Январь 2015', '<p>Прошли Республиканские зимние УТС (аттестация) в г.Махачкала&nbsp;в шк №7 с 6 кю по 2 дан, где приняли участие более 50 спортсменов из наше федерации. Сборы проходили под руководством президента международной федерации по киокушинкай каратэ&nbsp;Канчо Тейуба Азизова (9 дан).</p>\r\n\r\n<p>Поздравляем всех кто прошел аттестацию и желаем дальнейших успехов.</p>\r\n\r\n<p><img alt="" src="/files/images/1-1.jpg" style="height:533px; width:800px" /></p>\r\n\r\n<p><img alt="" src="/files/images/1-15.jpg" style="height:449px; width:800px" /></p>\r\n\r\n<p><img alt="" src="/files/images/1-6.jpg" style="height:533px; width:800px" /></p>\r\n\r\n<p><img alt="" src="/files/images/1-24.jpg" style="height:533px; width:800px" /></p>\r\n\r\n<p>&nbsp;</p>', 1420374271, 0);

-- --------------------------------------------------------

--
-- Table structure for table `pages`
--

CREATE TABLE IF NOT EXISTS `pages` (
  `page_id` int(11) NOT NULL AUTO_INCREMENT,
  `page_name` varchar(255) NOT NULL,
  `page_alias` varchar(255) NOT NULL,
  `page_title` text NOT NULL,
  `page_description` text NOT NULL,
  `page_keywords` text NOT NULL,
  `page_module` int(1) NOT NULL,
  `page_text` text NOT NULL,
  `page_show` int(11) NOT NULL,
  `page_order` int(11) NOT NULL,
  PRIMARY KEY (`page_id`)
) ENGINE=MyISAM  DEFAULT CHARSET=utf8 AUTO_INCREMENT=12 ;

--
-- Dumping data for table `pages`
--

INSERT INTO `pages` (`page_id`, `page_name`, `page_alias`, `page_title`, `page_description`, `page_keywords`, `page_module`, `page_text`, `page_show`, `page_order`) VALUES
(1, 'Главная', 'main', 'Федерация Киокушинкай Каратэ Дагестана', '', '', 0, '<h1>Федерация Киокушинкай Каратэ Дагестана</h1>\r\n\r\n<p><strong>Обращение Президента Международной Федерации Кекушинкай Карате (IKKF) господина Канчо Тейуба Азизова (9 дан)</strong></p>\r\n\r\n<p><em>Дамы и господа,кто является членом Международной Федерации Кекушинкай Карате, кто занимается Кекушинкай Карате или другими видами спорта! Этот день для IKKF очень знаменательный день. Мы получили статус Федерации. Весь мир видит нашу работу. Я рад что страны поздравили нас с этим событием.<br />\r\n<br />\r\nНаша Федерация было создана в 2008 году как Международная Организация Кекушинкай Карате (IKKO). Провели много разных соревнований-Кубков Мира, чемпионатов Мира, Первенств Мира, чемпионатов Европы, Азии, Центральной Азии, Кубок Аравии, в большом количестве Международных Турниров. Я думаю наш коллектив пережил достаточно много трудностей. Наконец-то мы получили статус Федерации. Я думаю, точнее уверен в том, что мы и в дальнейшем будем работать усердно, и поднимем IKKF на более высшие категории, чтобы ни одна организация или Федерация не смогла сравниться с нами. И мы добьемся этого.<br />\r\n<br />\r\nИ еще раз поздравляю всех членов IKKF (IKKO).</em></p>\r\n\r\n<p>&nbsp;</p>\r\n\r\n<p>&nbsp;</p>', 1, 1),
(2, 'Про Ояма', 'pro_ojama', 'Maсутацу Oяма, основатель Кйокушин карате', '', '', 0, '<h1>\r\n	Maсутацу Oяма, основатель Кйокушин карате</h1>\r\n<p>\r\n	&nbsp;</p>\r\n<p style="text-align: center;">\r\n	<em>&quot;Карате, в чистом виде &ndash; это средство совершенствования характера.&quot;</em></p>\r\n<p style="text-align: center;">\r\n	<br />\r\n	<img alt="" class="img-thumbnail" src="/files/images/1.jpg" /><br />\r\n	Масутацу Ояма 1923-1994</p>\r\n<p>\r\n	Масутацу Oяма, основатель Кйокушин карате, может быть самым упорным художником боевых искусств всех времен.<br />\r\n	<br />\r\n	<img alt="" class="img-thumbnail" src="/files/images/2.jpg" style="float: right; margin-left: 10px; margin-bottom: 10px;" />Oяма родился в Йонг-И Чои, 27 июля, 1923 года, в маленькой деревне В a -Рйонгри Йонг-чи M йончул На До, в Южной Корее. Его семья состояла из аристократов, принадлежала к клану Йонгбан. Его отец Сун Хьянг, был мером Киндже, города рядом с деревней, где он родился. В детстве, в возрасте 9 лет, Oяма начал изучать Южно Китайское Кемпо, под руководством господина Йи, работником отца Оямы. Oяма рьяно увлекался чтением и был очень впечатлен чтением биографии Отто вон Бисмарка (1815-1898) - Прусского Казначея (1871-1890) Германской империи. Как вычитал Ояма, Бисмарк был виртуозом и всего лишь за несколько лет был готов подготовить Германию к господству в Европе.<br />\r\n	<br />\r\n	Биография Бисмарка так вдохновила Ояму, что он решил стать Бисмарком Востока. Ояма почувствовал, что его судьба &ndash; Япония, и выехал из Кореи в возрасте 15 лет. Там он изменил имя, взял имя Ояма, в честь семьи, которая дружественно к нему относилась и поддерживала во время проживания в Японии.<br />\r\n	<br />\r\n	В 1938, в 15 лет, Oяма решил служить стране, так он теперь называл дом, и поступил в Японскую Молодежную Авиационную Академию, с намерением стать пилотом. В сентябре того же года Ояма стал студентом Гичина Финакоши, основателем Карате Шокотан, в университете Такушоку. Фунашоку, школьный учитель из Окинавы, вошел в историю как человек, познакомивший Японию с карате. Именно этого человека Ояма позже назовет истинным учителем карате. Спустя годы Ояма всегда воодушевленно говорил о Финашоку, упоминал о его постоянном присутствии. Ояма утверждал, что из всего того багажа, который он получил от Финашоку, наиболее важным аспектом была Ката (формальные упражнения).&nbsp;<br />\r\n	<br />\r\n	К 18 годам Ояма заслучил в карате ранг Нидан (2 уровень, черный). Ояма все еще испытывал чувство патриотизма и всегда нес военную службу на волонтерской основе. В ходе назначения на аэродром поблизости Токио, спор, спровацированный офицером, завершилось тем, что Ояма ударил его. Несмотря на то, что его оправдали, в связи с провокацией, Ояму было решено перевести в зону Тихого океана. Однако война, к счастью для Оямы почти заканчиваласт и перевод был отменен. Но это счастливое и ироничное стечение обстоятельств также означало окончание службы Оямы на благо родине. Вскоре его военная карьера была завершена. Тот факт, что он утратил карьеру и был опозорен, нанес неизгладимое впечатление и почти невыносимый стресс на всю его жизнь.<br />\r\n	&nbsp;</p>\r\n<div>\r\n	<img alt="" class="img-thumbnail" src="/files/images/3.jpg" style="float: left; margin-right: 10px; margin-bottom: 10px;" /></div>\r\n<p>\r\n	Однажды Ояма встретился с человеком, корейцем, также как и он по имени Неи-Чу Со. Он был не только корейцем, но и выходцем с той же провинции, что и Ояма. Он практиковал Годжо-Рью карате. Годен Ямагучи, по прозвищу &laquo;Кот&raquo;, увлекался годжу-рью, основанным Чоджуном Мияги в 1930 в Японии. Ямагучи часто говорил, что Нео-Чу был одним из лучших студентов. Ояма быстро влился в это искусство и вкроре крепкая связь завязалась межде этими людьми. Таким образом, великий философ и человек с сильным характером, становился все еще сильнее духовно. Ояма взял у Гору-Рью не только уроки единоборства, но и прильнул к Буддизму в секте Ничирен. Со был тем, кто вдохновил Ояму на то, чтоб сделать карате смыслом жизни, совершенствовать себя и свои победы. В тоже время он начал тренироваться с Со, наряду с занятиями Дюдо. После&nbsp;4 лет работы, он получил звание Йондана в Дюдо (4 уровень, черный).</p>\r\n<p>\r\n	Ояма любил участвовать в местных танцевальный соревнованиях, чтоб отдохнуть после занятий . Он как раз участвовал в таком танце, когда Ояма пришел на помошь женщине, пострадавшей от местного хулигана. Когда Ояма вмешался, хулиган вытащил нож. Он несколько раз махнул ножом перед лицом Оямы и сделал выпад в его сторону. Ояма заблокировал атаку и мастерски ударил хулигана по голове, от чего тот и скончался. Благодаря свидетелям, Ояма был оправдан в суде, его действия были признаны самообороной. Однако трагедия шоктровала Ояму. Убийство человека так переполняло его, что Ояма решил бросить боевые искусства. Узнав, что у убитого была жена и дети на ферме вблизи Токио, он поехал и работал у них несколько месяцев. Он уехал лишь тогда, когда вдова сказала, что справиться с фермой сама и не винит его в смерти мужа.&nbsp;<br />\r\n	<br />\r\n	Это был переломный момент его жизни . Его инструктор Годжи-Рью и Неи-Чу Со посоветовали ему уединиться тренировать душу и тело, дать карате шанс контролировать его жизнь. Ояма в серьез задумался, способно ли на это каарет, сможет ли оно дать ему такой необходимый контроль физической силы и умственной дисциплины. Он понимал, что это долгий, тяжелый путь, но он решил добиться успеха.&nbsp;<br />\r\n	<br />\r\n	<img alt="" class="img-thumbnail" src="/files/images/4.jpg" style="width: 200px; height: 296px; float: right; margin-left: 10px; margin-bottom: 10px;" />В 1948 Ma с Oяма, взяв только книги и самое необходимое для приготовления еды, начал рьяные тренировки на вершине M т. M инобу в Китайской Префектуре. Это то самое место, где известны самурай 17 века Миямото Мусаши получил вдохновение на Нито Рью, его систему двух мечей. Для Оямы это было идеальное место для тренировки и вдохновения. Из всех книг, который Ояма взял с собой, ни 1 не могла сравниться с коллектечении 18 месяцев, изолировнно в горах, Ояма тренировался при помощи даров природы: медитация под ледяным водопадом, прыжки через кусты, пользовался горами и скалами, чтоб тренировать руки и ноги. Он начинал тренировки в 5 утра . Используя обломки скал, он тренировался в поднятии тяжелого веса, он поднимал их сотни раз, становясь все сильнее. К тому же он занимался Катой по сто раз в день, сотни тысяч повторений кихонов, доводя себя до предела человеческих возможностей. В добавок он увлекался чтением буддистских писаний и мидитировал. В тоже время он начал обдумывать идею круга и точки для своего карате. Он начал представлять как он поражает быка голыми руками, зная что это принесет ему славу. Но это была не самоцель. Слава, как он думал, будет инструментом, при помощи которого он сможет заинтересовать миллионы и привлечь к карате.&nbsp;<br />\r\n	Через 18 месяцев Оаяма вернулся из гор . Вскоре после его возвращения, в Японии был проведен первый турнир по карате после Второй мировой войны. Ояма принял в нем участие и занял первое место на чемпионате. Но Ояма хотел большего, он понимал, что не отработал свой потенциал. Он вернулся в горы еще на год. До сего дня нет человека, сымевшего выжить в таком ритме. После последней изоляции, Ояма ернулся с готовностью рассказать обо всем, чему он научился.&nbsp;<br />\r\n	<br />\r\n	Масутацу Oяма, чтоб показать силу своего карате, упражнялся на боях с быками голыми руками. В общем он поборол 52 быка s , 3 из которых умерли мгновенно, у 49 &ndash; были вырваны рога. Это было нелегко для него. Ояма любил вспоминать, что после первой попытки только разозлил быка.В 1957, в 34 года, он чуть не был убит быком в Мексике. Неизвестно как ояме удаловь справиться с ним. Он пролежал в послели около for 6 месяцев, пока опасность для жизни не миновала. Конечно сегодня, защитники животных могут выдвинуть протесты, однако все эти животные были предназначены для бойни. В 1952, в течении года он путишествовал по США, демонстрируя свое карате в живую и по телевизору. В течении последующих годов, он принимал вызовы ото всех, пославших вызов, в итоге их оказалось 270 человек. Большинство из них были повержены 1 ударом, бой длился не более 3 минут, чаще всего несколько секунд. Его принцип борьбы был прост &ndash; если он принимался за вас &ndash; это конец.&nbsp;<br />\r\n	<br />\r\n	<img alt="" class="img-thumbnail" src="/files/images/5.jpg" style="float: left; margin-right: 10px; margin-bottom: 10px; width: 200px; height: 273px;" />Если он удар, хотя во всем достиг мастерствас, у вас - перелом.ли Вы ставите блок &ndash; у вас перелом руки или вы обезоружены. Если вы не ставите блок &ndash; у вас перелом ребер. Он стал известнен как &laquo;Золотая рука&raquo; - воплощение идеи &laquo;Один удар &ndash; верная смерть&raquo;. Для него это была самоцель в карате . Все остальное он считал второстепенным, хотя был также известнен своими ударами головой. Эта борьба жизни со смертью помогла основать Киокушинкаи Карате.</p>\r\n<p>\r\n	Его репутация росла, он боролся с любым бойцом, любого стиля и школы. В течении 50 лет15 миллионов плюс члены его Киокушин Организации были свидетелями его успехов. Ояма был живой легендой вплоть до смерти 26 апреля, 1994, в возрасте 71 &ndash; скрытым года. Он мог драться, сразить быка, но оказался беззащитным перед раком легких &ndash; скрытым врагом, сжигавшим его тело день за днем. Он не мог справиться с болезнью . Не мог выбрать стратегию . За долгие годы рак загубил все его органы, Ояма даже не догадывался об этом.</p>\r\n<p>\r\n	<br />\r\n	Его смерть была горем не только для сторонникво кйокушин, но для всех тех, кто выбрал для себя боевые искусства как образ жизни.</p>', 1, 2),
(3, 'Про IKKF', 'pro_IKKF', 'Про IKKF', '', '', 0, '<h1>О создателе IKKF Тейюбе Азизове</h1>\r\n\r\n<p style="text-align:center"><img alt="" src="/files/images/1%20(1).jpg" /></p>\r\n\r\n<p>Шихан Тейюб Азизов &ndash; основатель Международной Федерации Киокушинкаи Каратэ ( IKKF). Он начал изучать Киокушинкаи Каратэ в 1985 году . Он был учеником Танюшкина А. И. (Экс-президента Федерации СССР). Тейюб Азизов принимал участие во многих Чемпионатах (Международные Турниры, Чемпионаты Азии и Европы). Он одержал победу во многих чемпионатах. Получил три высших образования. В 1994 он основал Федерацию Киокушинкаи Каратэ Азербайджана и является ее президентом. Он часто критиковал нечестные действия Международной Организации Каратэ ( IKO).</p>\r\n\r\n<p>Тейюб Азизов понимал, что пришло время создать федерацию для людей всего мира. В 2006 он принял решение создать Международную Федерацию Киокушинкаи Каратэ, президентом которой был избран.</p>\r\n\r\n<h3>От основателя IKKF</h3>\r\n\r\n<hr />\r\n<p><img alt="" class="img-thumbnail" src="/files/images/2%20(1).jpg" style="float:left; margin-bottom:10px; margin-right:10px" />Я понимал, что возникла острая необходимость в основании новой федерации, которая будет служить и отвечать целям и требованиям, установленным нашим общим учителем Сосаем Масутацу Оямой, основателем Коикушинкаи Каратэ. Господин Ояма был честнейшим , надежным и добрым человеком . Он любил людей, независимо от национальности и вероисповедания. Я был молод, но все еще помню его добрую улыбку, лицо и умные глаза. Он собирался посетить Азербайджан, но смерть помешала ему. Я пытался изучить секреты Киокушинкаи Каратэ. Я хотел быть похожим на великого учителя .<br />\r\n<br />\r\nВ настоящий момент я являюсь Шиханом, но я много работаю над собой, и я буду учиться до последнего вздоха, как наш учитель Сосай Масутацу Ояма. Он был отцом боевого искусства. После смерти учителя, многие Шиханы покинули организацию и основали свои собственные. С одной стороны это хорошо, так как Киокушинкаи Каратэ развивается, но с другой стороны это плохо. Некоторые из организаций развивают не Каратэ, а бизнес. Это противоречит учению Сосая Масутацу Оямы. Он мечтал о чистом Каратэ. Он основал его не для одной нации. Он основал его для всего мира. Киокушинкаи &ndash; мировое Каратэ. Это ясно из интерпретации самого слова Киокушинкаи &ndash; союз учителей, основанный на полном доверии.<br />\r\n<br />\r\nМногие организации начинают дробиться. Это ошибка руководителей этих организаций.<br />\r\n<br />\r\nЯ думаю, что пришло время создать настоящую Федерацию Киокушинкаи Каратэ ( IKKF). Когда я создавал федерацию, я ставил перед собой следующие цели:</p>\r\n\r\n<p><strong>Развивать Киокушинкаи Каратэ.</strong><img alt="" class="img-thumbnail" src="/files/images/3%20(1).jpg" style="float:right; margin-bottom:10px; margin-left:10px" /><br />\r\n<strong>Держать путь к Олимпиаде и работать с Международным Олимпийским Комитетом.<br />\r\nКиокушинкаи Каратэ было основано на базе &laquo;Будо&raquo; (&laquo;военный&raquo;). Поэтому IKKF будет сотрудничать с Военными Международными Организациями.<br />\r\nIKKF будет развивать бои на профессиональном уровне.</strong></p>\r\n\r\n<p><br />\r\nЯ, будучи Президентом, буду следовать путем выполнения поставленных целей. Я буду рад, если вы поддержите меня на этом пути. Пусть дух самой Сосай Масутацу Оямы благословит в развитии IKKF.</p>', 1, 3),
(4, 'Черные пояса', 'chernye_pojasa', 'Черные пояса МФКК', '', '', 0, '<h1>Черные пояса МФКК</h1>\r\n\r\n<p><img alt="" src="/files/images/9.jpg" style="line-height:1.6em" /></p>\r\n\r\n<p>Канчо Азизов Теййуб (Азербайджан)</p>\r\n\r\n<p>&nbsp;</p>\r\n\r\n<p><img alt="" src="/files/images/5(1).jpg" style="height:53px; width:394px" /></p>\r\n\r\n<p><strong>Шихан Сурхаев Нокер Ризванович&nbsp;(Россия) -&nbsp;представитель IKKF в России</strong></p>\r\n\r\n<p>&nbsp;</p>\r\n\r\n<p><img alt="" src="/files/images/3%20(2).jpg" /></p>\r\n\r\n<p><strong>Сансей Муса Мусаев (Россия)</strong></p>\r\n\r\n<p>Сансей Александр Зиновьев (Россия)</p>\r\n\r\n<p>&nbsp;</p>\r\n\r\n<p><img alt="" src="/files/images/2%20(2).jpg" /></p>\r\n\r\n<p>Сенпай Юрий Крылов (Россия)</p>\r\n\r\n<p>Сенпай Додобоев Шавкат (Россия)</p>\r\n\r\n<p>Сенпай Имагазиев Таймазхан (Россия)</p>\r\n\r\n<p>Сенпай Бахмудов Габиб (Россия)</p>\r\n\r\n<p>Сенпай Гучаев Руслан (Россия)</p>\r\n\r\n<p>Сенпай Тагиров Мурад&nbsp;(Россия)</p>\r\n\r\n<p>Сенпай Гереев Шахрудин (Россия)</p>\r\n\r\n<p>&nbsp;</p>\r\n\r\n<p><img alt="" src="/files/images/1%20(2).jpg" /></p>\r\n\r\n<p>Сенпай Салимханов Илйас (Россия)</p>\r\n\r\n<p>Сенпай Хелен Мажурина (Россия)</p>\r\n\r\n<p>Сенпай Мария Лепушкина (Россия)</p>\r\n\r\n<p>Сенпай Баталaв Чаринов (Россия)</p>\r\n\r\n<p>Сенпай Джаруллаев Джарулла (Россия)</p>\r\n\r\n<p>Сенпай Магомедов Расул (Россия)</p>\r\n\r\n<p>Сенпай Магомедов Абдулатип (Россия)</p>\r\n\r\n<p>Сенпай Ахкубегов Ахкубег (Россия)</p>\r\n\r\n<p>Сенпай Шейхамиров Мудунгаджи (Россия)</p>\r\n\r\n<p>Сенпай Ибрагимов Исрапил&nbsp;(Россия)</p>\r\n\r\n<p>Сенпай Имагазиев Нуричу (Россия)</p>\r\n\r\n<p>Сенпай Квешев Абдул (Россия)</p>\r\n\r\n<p>Сенпай Ибрагимов Ибрагим (Россия)</p>\r\n\r\n<p>Сенпай Уматов Арсен (Россия)</p>', 1, 4),
(5, 'Календарь', 'kalendar', 'Календарь', '', '', 0, '<h1>Календарь на 2015&nbsp;год&nbsp;</h1>\r\n\r\n<table class="table table-bordered">\r\n	<tbody>\r\n		<tr>\r\n			<td>№</td>\r\n			<td>Название соревнования</td>\r\n			<td>Дата проведения (день и месяц)</td>\r\n			<td>Место проведения (страна и город)</td>\r\n		</tr>\r\n		<tr>\r\n			<td>1</td>\r\n			<td>Первенство Дагестана среди юношей и девушек</td>\r\n			<td>7-8 марта</td>\r\n			<td>Махачкала, Россия</td>\r\n		</tr>\r\n		<tr>\r\n			<td>2</td>\r\n			<td>Чемпионат и Первенство Дагестана среди мужчин и юниоров</td>\r\n			<td>14-15 марта</td>\r\n			<td>Махачкала, Россия</td>\r\n		</tr>\r\n		<tr>\r\n			<td>3</td>\r\n			<td>Первенство России по Кумитэ и Ката</td>\r\n			<td>28-29 марта</td>\r\n			<td>Краснодар, Россия</td>\r\n		</tr>\r\n		<tr>\r\n			<td>4</td>\r\n			<td>1-ая Международная Универсиада имени Г. Алиева</td>\r\n			<td>9-10 мая</td>\r\n			<td>Баку, Азербайджан</td>\r\n		</tr>\r\n		<tr>\r\n			<td>5</td>\r\n			<td>Чемпионат Европы среди мужчин, юниоров и юниорок</td>\r\n			<td>22-23 мая</td>\r\n			<td>Галац, Румыния</td>\r\n		</tr>\r\n		<tr>\r\n			<td>6</td>\r\n			<td>Летние Сборы</td>\r\n			<td>1-30 июня</td>\r\n			<td>Дагестан, Россия</td>\r\n		</tr>\r\n		<tr>\r\n			<td>7</td>\r\n			<td>Кубок Мира среди мужчин, женщин и юниоров</td>\r\n			<td>октябрь</td>\r\n			<td>Милан, Италия</td>\r\n		</tr>\r\n		<tr>\r\n			<td>8</td>\r\n			<td>Чемпионат и Первенство по &quot;Ката&quot;</td>\r\n			<td>ноябрь</td>\r\n			<td>Москва, Россия</td>\r\n		</tr>\r\n		<tr>\r\n			<td>9</td>\r\n			<td>УТС Зимние сборы</td>\r\n			<td>декабрь</td>\r\n			<td>Махачкала, Россия</td>\r\n		</tr>\r\n	</tbody>\r\n</table>', 1, 5);
INSERT INTO `pages` (`page_id`, `page_name`, `page_alias`, `page_title`, `page_description`, `page_keywords`, `page_module`, `page_text`, `page_show`, `page_order`) VALUES
(6, 'Программа', 'programma', 'Техническая программа', '', '', 0, '<h1>Техническая программа</h1>\r\n\r\n<p>&nbsp;</p>\r\n\r\n<h3 style="text-align:center">10 K Ю БЕЛЫЙ ПОЯС</h3>\r\n\r\n<p style="text-align:center">3 МЕСЯЦА (24 ЧАСА)</p>\r\n\r\n<p>Кихон (основа)</p>\r\n\r\n<ul>\r\n	<li>Тачиката (позы)</li>\r\n</ul>\r\n\r\n<p><br />\r\nХеисоку Дачи,Мусуби Дачи), Хеико Дачи, Шизен Дачи (Сотохачижи Дачи), Учихачижи Дачиi, Санчин Дачи, Зенкутсу Дачи, Киба Дачи, Тсруаши Дачи</p>\r\n\r\n<ul>\r\n	<li>Тсуки (удары)</li>\r\n</ul>\r\n\r\n<p><br />\r\nСеикен ои Тсуки (Чудан, Джодан, Гедан)<br />\r\n<br />\r\nМороте Тсуки (Чудан, Джодан, Гедан)</p>\r\n\r\n<ul>\r\n	<li>Уке (блоки)</li>\r\n</ul>\r\n\r\n<p><br />\r\nДжодан Уке, Гедан Бараи</p>\r\n\r\n<ul>\r\n	<li>Гери (удары ногой)</li>\r\n</ul>\r\n\r\n<p><br />\r\nХиза Гери, Кин Гери.</p>\r\n\r\n<ul>\r\n	<li>Ката</li>\r\n</ul>\r\n\r\n<p><br />\r\nТаикъёку Соно Ичи,<br />\r\n<br />\r\n6.Идо (основа движений)<br />\r\n<br />\r\nВ Зенкуцу Дачи:Движения вперед и назад, комбинированные повороты с использованием одной техники (Тсуки, Гери, Уке)<br />\r\n<br />\r\nЭг: Зенкутсу Дачи + Сеикен Ои Тсуки или Гъяку Тсуки i .<br />\r\n<br />\r\n7. Состояние</p>\r\n\r\n<ul>\r\n	<li>Гибкость: Голова достигает пола в сидячем положении с раздвинутыми ногами.</li>\r\n	<li>Кин Гери i (3 минимум &ndash; хидари, миги).</li>\r\n	<li>Стойка на руках : 30 seconds (поддержка другим человеком)</li>\r\n</ul>\r\n\r\n<p><br />\r\n25 отжимания сейкен; 30 подтягивания; прыжки через палку; 20 приседания</p>\r\n\r\n<ul>\r\n	<li>Кумите</li>\r\n	<li>Якусуки Кумите: блок только против Тсуки/блок руками против Гери/блок ногами против Гери.</li>\r\n	<li>Жийю Кумите: 30 секунд</li>\r\n</ul>\r\n\r\n<p><br />\r\nКритерий: Реиджи (формирование, позиция)/Камае (готовность) / Киаи</p>\r\n\r\n<ul>\r\n	<li>Письменный экзамен</li>\r\n</ul>\r\n\r\n<p><br />\r\nПо терминалогии согласно уровню, состав которого определяется Хонбу IKKF .<br />\r\n<br />\r\nУмение надевать кимоно и завязывать пояс Эдикт Доджо<br />\r\n<br />\r\nЧто такое Киокушинкаи? Основатель Киокушинкаи. Сосай Масутацу Ояма .</p>\r\n\r\n<p>&nbsp;</p>\r\n\r\n<h3 style="text-align:center">TECHNIQUES SYLLABUS</h3>\r\n\r\n<h3 style="text-align:center">ОРАНЖЕВЫЙ ПОЯС</h3>\r\n\r\n<p style="text-align:center">9 K Ю</p>\r\n\r\n<p style="text-align:center">3 МЕСЯЦА (24 ЧАСА)</p>\r\n\r\n<p>K ихон (основа)</p>\r\n\r\n<ul>\r\n	<li>Тачиката (положения)</li>\r\n</ul>\r\n\r\n<p><br />\r\nКокутсу Дачи, Некоаши Дачи,<br />\r\n<br />\r\n2. Тсуки (удары)<br />\r\n<br />\r\nСеикен Аго Учи, Сейкен Гйаку Учи (Чудан, Джодан, Гедан)<br />\r\n<br />\r\n3. Уке (блоки)<br />\r\n<br />\r\nСеикен Чудан Учи Уке, Сейкен Чудан Сота Уке<br />\r\n<br />\r\n4. Гери (удары ногами)<br />\r\n<br />\r\nMae Гери Чудан<br />\r\n<br />\r\n5. Ката<br />\r\n<br />\r\nТаикъёку Соно Ни<br />\r\n<br />\r\n6. Идо (Основы движений)<br />\r\n<br />\r\nKo кутсу Дачи (Некоаши Дачи): Движения вперед и назад, повороты<br />\r\n<br />\r\nЕг: Ko кутсу Дачи + Чудан Учи Уке.<br />\r\n<br />\r\nПовторение стандартных техник: ег Зенкутсу Дачи + Сейкен Ои Тсуки дважды .<br />\r\n<br />\r\nЗенкуитсу Дачи + Сейкен Чудан Санбон Тсуки.<br />\r\n<br />\r\n7. Состояние<br />\r\n<br />\r\na ) Гибкость: те же критерии, что и для белого пояса, с улучшениями относительно того уровня.<br />\r\n<br />\r\nб) Мае Гери Чудан (4 мин &ndash; x идари, миги).<br />\r\n<br />\r\nХодьба на руках (3 метра )<br />\r\n<br />\r\n30 отжиманий Сейкен; 40 подтягиваний; прыжки через палку; 25 приседаний<br />\r\n<br />\r\n8. Кумите<br />\r\n<br />\r\na )Якусуки Кумите: блок только против атаки/блок руками против Гери/блок руками против Гери.<br />\r\n<br />\r\nb ) Джию Кумите: 60 секунд &ndash; 1 раунд<br />\r\n<br />\r\nКритерии : Реиджи / Камае / Киаи<br />\r\n<br />\r\n9. письменный экзамен<br />\r\n<br />\r\nИстория Киокушинкаи Карате</p>\r\n\r\n<p>&nbsp;</p>\r\n\r\n<h3 style="text-align:center">TECHNIQUES SYLLABUS</h3>\r\n\r\n<h3 style="text-align:center">СИНИЙ ПОЯС</h3>\r\n\r\n<p style="text-align:center">8 K Ю</p>\r\n\r\n<p style="text-align:center">4 МЕСЯЦА (50 ЧАСОВ)</p>\r\n\r\n<p>Кихон (базовый)<br />\r\n<br />\r\n1. Тачиката (положения)<br />\r\n<br />\r\nKa кеаши Дачи, Киба Дачи,<br />\r\n<br />\r\n2. T суки (удары)<br />\r\n<br />\r\nСейкен Шита Тсуки, Сейкен Татте Тсуки (Чудан, Джодан, Гедан), Джан Тсуки<br />\r\n<br />\r\n3. Уке (блоки)<br />\r\n<br />\r\nМороте Чудан Учи Уке, Сейкен Учи Уке Гедан Бараи<br />\r\n<br />\r\n4. Гери (удары ногами)<br />\r\n<br />\r\nMae Гери Джодан<br />\r\n<br />\r\n5. Ka та<br />\r\n<br />\r\nTa икйоку Соно Сан<br />\r\n<br />\r\n6. Идо (Основы движений)<br />\r\n<br />\r\nKo кутсу Дачи Шуто Мауваши Уке, Энкеи Гйаку Тсуки.<br />\r\n<br />\r\nКомбинация: ( Уке и атака )-<br />\r\n<br />\r\nE г: Зенкутсу Дачи + Джодан Уке &ndash; Сейкен Чудан Гйаку Тсуки.<br />\r\n<br />\r\n7. Состояние<br />\r\n<br />\r\na ) Гибкость: плечи достигают пола в положении сидя с открытыми ногами.<br />\r\n<br />\r\nb ) Mae Гери Джодан ( 6минут &ndash; Зенкутсу Дачи с движениями вперед).<br />\r\n<br />\r\nХодьба на руках ( 3 метра)<br />\r\n<br />\r\n35 отжиманий Сейкен; 45 подтягиваний; прыжки через палку; 30 приседания<br />\r\n<br />\r\n8. K умите<br />\r\n<br />\r\na ) Якусуку кумите: Уке Каеши (блок и оборона). атака, блок, оборона с использованием различных видов атак, реакция на блок. E г: рука, рука, рука/ рука, рука, нога/ рука, нога, рука/ нога, рука, рука/ нога, рука, нога/ нога, нога, нога<br />\r\n<br />\r\nb ) Джийю Кумите : 60 секунд -2 раунда.<br />\r\n<br />\r\nКритерий: Реиги/ Камае/ Киаи /Скорость/сила / Стамина ( кокъю ) /уке/ каеши.<br />\r\n<br />\r\n9. Письменный экзамен<br />\r\n<br />\r\nЗначение ката</p>\r\n\r\n<p>&nbsp;</p>\r\n\r\n<h3 style="text-align:center">TECHNIQUES SYLLABUS</h3>\r\n\r\n<h3 style="text-align:center">СИНИЙ ПОЯС</h3>\r\n\r\n<p style="text-align:center">7 K Ю</p>\r\n\r\n<p style="text-align:center">4 M ЕСЯЦА (50 ЧАСОВ)</p>\r\n\r\n<p>&nbsp;</p>\r\n\r\n<p>Кихон (Базовый)<br />\r\n<br />\r\n1. Тачиката (Положения)<br />\r\n<br />\r\nНекоаши Дачи,<br />\r\n<br />\r\n2. Тсуки (удары)<br />\r\n<br />\r\nТеттсуи Коми &ndash; Ka ми &ndash; Учи, Теттсуи Ороши &ndash; Гамен Учи, Теттсуи Хизо &ndash;Учи, Теттсуи Ёко &ndash; Учи (Чудан, Джодан, Гедан)<br />\r\n<br />\r\n3.Уке (блоки)<br />\r\n<br />\r\nШуто Мауаши Уке, Сейкен Мауаши Гедан Бараи<br />\r\n<br />\r\n4. Гери (удар ногами)<br />\r\n<br />\r\nMae Кеаге, Учимауаши, Сотамауаши, Йоко Кеаге.<br />\r\n<br />\r\n5. K ата<br />\r\n<br />\r\nПинан Соно Ичи<br />\r\n<br />\r\n6. Идо ( основы движений )<br />\r\n<br />\r\nСанчин Дачи: Движения вперед и назад, повороты &ndash; e г: Санчин дачи + Сеикен Чудан Гйаку Тсуки.<br />\r\n<br />\r\nКиба Дачи: Джун тсуки, Теттсуи.<br />\r\n<br />\r\nКомбинации: ( Тсуки и Гери ) &ndash; e г: Зенкутсу Дачи + Mae Гери + Сейкен Чудан Тсуки.<br />\r\n<br />\r\n7. C остояние<br />\r\n<br />\r\na ) Гибкость: Плечи касаются пола в сидячем положении с раскрытыми ногами.<br />\r\n<br />\r\nb ) Mae Кеаге (4 мин &ndash; Зенкутсу Дачи), Йоко Кеаге ( 4 мин &ndash; Зенкутсу Дачи)<br />\r\n<br />\r\nХодьба на руках (4 метра )<br />\r\n<br />\r\n35 отжиманий Сейкен; 50 подтягиваний; прыжки через палку; 30 приседаний<br />\r\n<br />\r\n8. Кумите<br />\r\n<br />\r\nЖийю Кумите : 60 секунд -4 раунда.<br />\r\n<br />\r\nКритерии: Реиги/ Ka м ae / K и a и /Скорость/ Сила/ Стамина (кокъю)/Уке Каеши.<br />\r\n<br />\r\n9. Письменный экзамен<br />\r\n<br />\r\nЗначение разогревающих упражнений и их методы s . Связь между Кимеи и Киаи</p>\r\n\r\n<p>&nbsp;</p>\r\n\r\n<h3 style="text-align:center">TECHNIQUES SYLLABUS</h3>\r\n\r\n<h3 style="text-align:center">ЖЕЛТЫЙ ПОЯС</h3>\r\n\r\n<p style="text-align:center">6 K Ю</p>\r\n\r\n<p style="text-align:center">6 M ЕСЯЦЕВ (100 ЧАСОВ)</p>\r\n\r\n<p>Кихон (основа)<br />\r\n<br />\r\n1. Ta чиката (положения)<br />\r\n<br />\r\nТсуруаши Дачи, Джию Камаете.<br />\r\n<br />\r\n2. T суки (удары)<br />\r\n<br />\r\nУракен Гаммен Учи, Уракен Сайу Учи, Уракен хизо Учи, Уракен O р o си Учи, Уракен Мауаши Учи, Ничон Нуките Джодан, Йохон Нуките (Чудан, Джодан)<br />\r\n<br />\r\n3. Уке (блоки)<br />\r\n<br />\r\nДжъюджи Уке (Джодан, Гедан)<br />\r\n<br />\r\n4. Гери (удары ногами)<br />\r\n<br />\r\nКансетсу Гери, Йоко Гери - Чудан, Ma у a ши Гери - Гедан<br />\r\n<br />\r\n5. Ката<br />\r\n<br />\r\nПинан Соно Ни, Сокуги Таикйоку Сомо Ичи<br />\r\n<br />\r\n6. Идо (Основа движений)<br />\r\n<br />\r\nКаитен Идо (вращение) &ndash; Киба Дачи + Каитен Теттсуи.<br />\r\n<br />\r\n7. C остояние<br />\r\n<br />\r\na ) Гибкость: тоже, что и для синего пояса<br />\r\n<br />\r\nb ) Ma у a ши Гери - Гедан ( 5 мин ), Йоко Гери Чудан ( 5 мин) от Джиду Камаете с движениями вперед.<br />\r\n<br />\r\nХодьба на руках (4 метра )<br />\r\n<br />\r\n40 отжиманий; 55подтягиваний; прыжки через палку; 30 приседаний<br />\r\n<br />\r\n8. K умите.<br />\r\n<br />\r\na ) Якусоку Кумите: Уке Каеши: (Блок, оборона)<br />\r\n<br />\r\nответная атака, Уке, оборона с использованием нескольких вариантов атак, блоки, реакция.<br />\r\n<br />\r\nРука, Рука, Рука / Рука, Рука, нога/ Рука, нога, Рука / нога, Рука, Рука / Рука, нога, нога / нога, нога, Рука /, нога, Рука, нога / нога, нога, Рука /, Рука, Рука, нога / Рука, нога, Рука / нога, Рука, Рука / Рука, нога, нога / нога, нога, Рука / нога, Рука, нога / нога, нога, нога / Рука, Рука, нога.<br />\r\n<br />\r\nb ) Джийю кумите: 60 секунд -10 раундов.<br />\r\n<br />\r\nКритерии: Реиги/ Ka м ae / K и a и /Скорость/Сила/ Стамина ( Kok ъю)/ Уке Каеши.<br />\r\n<br />\r\n9. Письменный экзамен<br />\r\n<br />\r\nЗначение и методы Джию Кумите .</p>\r\n\r\n<p>&nbsp;</p>\r\n\r\n<h3 style="text-align:center">TECHNIQUES SYLLABUS</h3>\r\n\r\n<h3 style="text-align:center">ЖЕЛТЫЙ ПОЯС</h3>\r\n\r\n<p style="text-align:center">5 K Ю</p>\r\n\r\n<p style="text-align:center">6 M ЕСЯЦЕВ (100 ЧАСОВ)</p>\r\n\r\n<p>Кихон (основа)<br />\r\n<br />\r\n1. Ta чиката (положения)<br />\r\n<br />\r\nMo р oa си Дачи<br />\r\n<br />\r\n2. T суки (удачи)<br />\r\n<br />\r\nШоти Учи (Чудан, Джодан, Гедан)<br />\r\n<br />\r\n3. Уке (блоки)<br />\r\n<br />\r\nШоти Уке (Чудан, Джодан, Гедан)<br />\r\n<br />\r\n4. Гери (удары ногами)<br />\r\n<br />\r\nMa у a ши Гери - Чудан (Хисоку, Чусоку), Уширо Гери Чудан<br />\r\n<br />\r\n5. Ka та<br />\r\n<br />\r\nПинан Соно Сан, Ta икйоку Соно Ичи Ура, Сокуги Таикйоку Соно Ни<br />\r\n<br />\r\n6. Идо (основы движения)<br />\r\n<br />\r\nДако Идо (повороты) &ndash; 45 градусов K иб a Дачи + Гедаи Бараи<br />\r\n<br />\r\n7. C остояние<br />\r\n<br />\r\na ) Гибкость: тоже, что и у синего пояса<br />\r\n<br />\r\nb ) Ma у a ши Гери - Чудан (6 мин), Уширо Гери чудан ( 6 мин) от Джийю Камаете с движениями вперед. Ходьба на руках (4 метра)<br />\r\n<br />\r\n40 отжиманий; подтягиваний; прыжки через палку; 35 приседаний<br />\r\n<br />\r\nПрыжки ( Тоби Гери ): собственный вес<br />\r\n<br />\r\n8. Кумите<br />\r\n<br />\r\nДжийу Кумите:<br />\r\n<br />\r\na ) Джийу Кумите: 60 секунд -12 раундов.<br />\r\n<br />\r\nКритерии: Реиги/ Ka м ae / K и a и /Скорость/Сила/ Стамина ( Kok ъю )/ Уке Каеши.<br />\r\n<br />\r\n9. Письменный экзамен<br />\r\n<br />\r\nТипы боев в Киокушин Карате</p>\r\n\r\n<p>&nbsp;</p>\r\n\r\n<h3 style="text-align:center">TECHNIQUES SYLLABUS</h3>\r\n\r\n<h3 style="text-align:center">ЗЕЛЕНЫЙ ПОЯС</h3>\r\n\r\n<p style="text-align:center">4 K Ю</p>\r\n\r\n<p style="text-align:center">6 M ЕСЯЦЕВ (150 ЧАСОВ)</p>\r\n\r\n<p>Кихон (Основа)<br />\r\n<br />\r\n1. T суки (удары)<br />\r\n<br />\r\nШуто Сакотсу учи, Шуто Гаммен Учи, Шуто Хизо Учи, Шуто Сакотсу Учи Коми, Шуто Учи-Учи<br />\r\n<br />\r\n2. Уке (блоки)<br />\r\n<br />\r\nШуто Джодан Уке, Шуто Чудан Сото Уке, Шуто Гедан Бараи, шуто Учи Уке &ndash; Гедан Бараи.<br />\r\n<br />\r\n3. Гери (удары ногами)<br />\r\n<br />\r\nЙ o к o Гери Джодан, Ma у a ши Гери Джодан, Уширо Гери Джодан<br />\r\n<br />\r\n4. Ka та<br />\r\n<br />\r\nС a нчин, Ta икйоку Соно Ни Ура, С o куги Таикйоку Соно Сан<br />\r\n<br />\r\n5. Идо (Основы движений)<br />\r\n<br />\r\nОсновные шаги в Кумите Н o Ka м ae : O кури Аши, Фуми Аши, Ko с a A ши (Сагари)<br />\r\n<br />\r\n6. Co стояние<br />\r\n<br />\r\na ) Гибкость: Грудь касается пола в положении сидя с раскрытыми ногами.<br />\r\n<br />\r\nb ) Ma у a ши Гери + Mae Гери + Й oko Гери (7 мин) от Джийю Камаете с движением вперед. Ходьба на руках (5 метров )<br />\r\n<br />\r\n45 отжиманий, 10 на пальцах; 70 подтягиваний; прыжки через палку; 35 приседаний, 10 ударов каждой ногой в прыжке ( To би Ma у a ши Гери Чудан)<br />\r\n<br />\r\n7. K умите<br />\r\n<br />\r\nЯкасуку Кумите: Уке и Уке Каеши комбинация в Кумите Но Камае, раболта по шагам<br />\r\n<br />\r\na ) Джийю Кумите : 60 секунд -15 раундов.<br />\r\n<br />\r\nКритерии: Реиги/ Ka м ae / K и a и /скорость/ сила/ стамина ( Ko кйу)/ Уке Каеши/ Ритм /комбинация (баланс между работой руками и ногами)/ работа по шагам<br />\r\n<br />\r\n8. Письменный экзамен<br />\r\n<br />\r\nФизиологический эфект Ибуки</p>\r\n\r\n<p>&nbsp;</p>\r\n\r\n<h3 style="text-align:center">TECHNIQUES SYLLABUS</h3>\r\n\r\n<h3 style="text-align:center">ЗЕЛЕНЫЙ ПОЯС</h3>\r\n\r\n<p style="text-align:center">3 K Ю</p>\r\n\r\n<p style="text-align:center">6 M ЕСЯЦЕВ (150 ЧАСОВ)</p>\r\n\r\n<p>кихон ( основы )<br />\r\n<br />\r\n1. T суки ( удары )<br />\r\n<br />\r\nA г o Хиджи Ате ( Джодан , Чудан ), O р o си Хиджи Ате , Уширо Хиджи Ате , Ma у a ши Хиджи Ате ( Джодан , Чудан ), Mae Хиджи Ате ( Джодан , Чудан )<br />\r\n<br />\r\n2. Уке (блоки)<br />\r\n<br />\r\nШуто Джуджи Уке (Джодан, Чудан)<br />\r\n<br />\r\n3. Гери (Удары ногами)<br />\r\n<br />\r\nMae Kaka т o Гери (Джодан, Чудан, Гедан)<br />\r\n<br />\r\n4. Ka т a<br />\r\n<br />\r\nПинан Соно Йон, Ta икйоку Соно Сан Ура<br />\r\n<br />\r\n5. Идо (Основы движения)<br />\r\n<br />\r\nОсновная работа по шагам в Кумите Но Камае: Ok ури Аши, Фуми Аши, Коса Аши (Сагари)<br />\r\n<br />\r\n6. Co стояние<br />\r\n<br />\r\na ) Гибкость: Грудь касается пола в сидячем положении с раскрытыми ногами.<br />\r\n<br />\r\nb ) Прыжки ( To би Гери): Собственный рост + 10 см<br />\r\n<br />\r\nc ) Mae Kaka то Гери Чудан ( 8 мин )<br />\r\n<br />\r\nХодьба на руках (5 метров )<br />\r\n<br />\r\n65 отжиманий ( 30 на пальцах ); 80 подтягиваний; прыжки через палку; 35 приседаний, 15 ударов каждой ногой в прыжке<br />\r\n<br />\r\n7. K умите<br />\r\n<br />\r\nЯкасуки Кумите: Уке и Уке Каешикомбинация в Кумите Но Камае, работа по шагам<br />\r\n<br />\r\na ) Джийю Кумите : 60 секунд -20 раундов.<br />\r\n<br />\r\n8. Письменный Экзамен<br />\r\n<br />\r\nЗнание терпиналогии и основ техники . Медитация .</p>\r\n\r\n<p>&nbsp;</p>\r\n\r\n<h3 style="text-align:center">TECHNIQUES SYLLABUS</h3>\r\n\r\n<h3 style="text-align:center">КОРИЧНЕВЫЙ ПОЯС</h3>\r\n\r\n<p style="text-align:center">2 K Ю</p>\r\n\r\n<p style="text-align:center">1 ГОД. (270 ЧАСОВ)</p>\r\n\r\n<p>кихон ( основы )<br />\r\n<br />\r\n1. Тсуки ( удары )<br />\r\n<br />\r\nХиракен Тсуки ( Джодан , Чудан ), Хиракен Ороси Учи , Хиракен Ma у a ши Учи , Джодан Аге Тсуки , Хасью Учи (Джодан, Чудан)<br />\r\n<br />\r\n2. Уке (блоки)<br />\r\n<br />\r\nKo к e н Уке (Джодан, Чудан, Гедан)<br />\r\n<br />\r\n3. Гери (удары ногами)<br />\r\n<br />\r\nTo би Нидан Гери, To би Mae Гери<br />\r\n<br />\r\n4. Ka та<br />\r\n<br />\r\nПинан Соно Го, Гекисаи Даи, Пинан Соно ичи Ура<br />\r\n<br />\r\n5. Идо (основы движения)<br />\r\n<br />\r\nK умите Но Камае: Работа по шагам в разных вариантах<br />\r\n<br />\r\n6. Co стояние<br />\r\n<br />\r\na ) Гибкость: Грудь касается пола в сидячем положении с раскрытыми ногами.<br />\r\n<br />\r\nb ) Прыжок ( To би Гери): собственный рост + 20 см ( To би Уширо Гери или Тоби Ma у a ши Гери, прао и лево)<br />\r\n<br />\r\nc ) To би Mae Гери (4 мин), To би Нидан Гери (4 мин),<br />\r\n<br />\r\nХодьба на руках (6 метров )<br />\r\n<br />\r\n40 отжиманий , 20 на 3 пальцах, 20 на Ko кен; 90 подтягиваний; прыжки через палку; 45 приседаний Кумите<br />\r\n<br />\r\na ) Якасуку Кумите: Уке и Уке Каеши Комбинация в кумите Но Камае, работа по шагам<br />\r\n<br />\r\nb ) Джийю Кумите: 60 секунд -25 раундов.<br />\r\n<br />\r\nКритерий: Реиги/ Ka м ae / K и a и /Скорость/ Сила/ стамина ( Ko къю)/ Уке Каеши, Ритм/Комбинация (баланс техники рук и ударов ногами)/ работа по шагам<br />\r\n<br />\r\nTa м es ши Вари :<br />\r\n<br />\r\nСейкен, Шуто, Хиджи, Ka к a т o (один 2.5 см доска&ndash; 18 лет и старше)<br />\r\n<br />\r\n8. Письменный экзамен<br />\r\n<br />\r\nВопросы по процессу тренировки.</p>\r\n\r\n<p>&nbsp;</p>\r\n\r\n<h3 style="text-align: center;">TECHNIQUES SYLLABUS</h3>\r\n\r\n<h3 style="text-align: center;">КОРИЧНЕВЫЙ ПОЯС С ЗОЛОТОЙ ПОЛОСКОЙ</h3>\r\n\r\n<p style="text-align: center;">1 K Ю</p>\r\n\r\n<p style="text-align: center;">1 ГОД. (300 ЧАСОВ)</p>\r\n\r\n<p>Кихон (основа)<br />\r\n<br />\r\n1. T суки (удары)<br />\r\n<br />\r\nРъютокен Тсуки (Джодан, Чудан), Накаюба Ипонкен (Джодан, Чудан), O яюбо Ипонкен (Джодан, Чудан), Ko к e н Учи (Джодан, Чудан, Гедан)<br />\r\n<br />\r\n2. Уке (блоки)<br />\r\n<br />\r\nKa к e Уке (Джодан, Чудан) Xa ито Учи Уке Чудан<br />\r\n<br />\r\n3. Гери (удары ногами)<br />\r\n<br />\r\nДжодан Учи Хайсоку Гери, O роши Учи Какато Гери, O р o ши Сото Какато Гери, Тоби Ёко Гери<br />\r\n<br />\r\n4. Ka т a<br />\r\n<br />\r\nЯнтсу, Тсуки но Ката, Пинан Соно Ни Ура<br />\r\n<br />\r\n5. Идо ( основы движения )<br />\r\n<br />\r\nКумите но Камае: работа по шагам по разным вариантам<br />\r\n<br />\r\n6. Состояние<br />\r\n<br />\r\na ) Гибкость: Грудь касается пола в сидячем положении с роаскрытими ногами.<br />\r\n<br />\r\nb ) Прыжок ( To би Гери): Собственный вес + 20 см ( To би Уширо Гери или Тоби Уширо Ma у a ши Гери, право и лево)<br />\r\n<br />\r\nc ) Ходьба на руках (6 метров)<br />\r\n<br />\r\n30 отжиманий, 25 на 2 пальцах, 25 на Ko к e н; 100 подтягиваний; прыжки через палку; 50 приседаний<br />\r\n<br />\r\n7. K умите<br />\r\n<br />\r\na ) Якасуко кумите: Уке и Уке Каеши комбинация в Кумите Но Камае, работа по шагам<br />\r\n<br />\r\nb ) Джию Кумите : 60 секунд -30 раундов.<br />\r\n<br />\r\nc) Ta м e ши Вари<br />\r\n<br />\r\nСейкен, Шуто, Хиджи, Какато (одна 2.5 см доска &ndash; 18 лет и старше)<br />\r\n<br />\r\n8. Письменный экзамен<br />\r\n<br />\r\nЗнание правил и судейской терминологии</p>\r\n\r\n<p>&nbsp;</p>\r\n\r\n<h3 style="text-align: center;">БАЗОВЫЕ ТРЕБОВАНИЯ ПЕРЕД ПРОДВИЖЕНИЕМ</h3>\r\n\r\n<h3 style="text-align: center;">ЧЕРНЫЕ ПОЯСА</h3>\r\n\r\n<p style="text-align: center;">ДЛЯ ДАНА ШО И ПРИТЯЗАНИЯ НА СЛЕДУЮЩИЙ УРОВЕНЬ<br />\r\n<br />\r\nШО ДАН - 1 ГОД. (СЕНПАЙ)<br />\r\n<br />\r\n- Требования IKKF<br />\r\n<br />\r\n- МИНИМАЛЬНЫЙ ВОЗРАСТНОЙ ЦЕНЗ -15 ЛЕТ</p>\r\n\r\n<p>кихон ( основа )<br />\r\n<br />\r\n1. T суки ( удары )<br />\r\n<br />\r\nMo р o т e Хаито Учи (Джодан, Чудан), Хаито Учи (Джодан, Чудан, Гедан)<br />\r\n<br />\r\n2. Уке (блоки)<br />\r\n<br />\r\nMo р o т e Ka к e Уке (Джодан, Чудан), O саи Уке<br />\r\n<br />\r\n3. Гери (Уке) ( блоки ногами)<br />\r\n<br />\r\na ) Поднятие ноги (от Ma у a ши Гери Гедан)<br />\r\n<br />\r\nb ) опережение, остановка ногой<br />\r\n<br />\r\n4. Гери (удары ногой)<br />\r\n<br />\r\nMa у a ши Ka к e Гери ( Ka к a т o , Съюсоку ), Уширо Ma у a ши Гери (Джодан, Гедан)<br />\r\n<br />\r\n5. Ka т a<br />\r\n<br />\r\nТеншо, Сайфа, Пинан Соно Сан Ура<br />\r\n<br />\r\n6. Ka т a руками<br />\r\n<br />\r\nТаикйоку Соно Ичи Таикйоку Соно Ни - 18 лет и старше<br />\r\n<br />\r\n7. Идо (основы движений)<br />\r\n<br />\r\nMa у a ши ГериДжодан + Уширо Ma у a шиГери Джодан + Mae Гери Чудан + Ma у a ши Гери Джодан + Уширо Ma у a ши Гери Джодан<br />\r\n<br />\r\n8. Co стояние<br />\r\n<br />\r\na ) 50 отжиманий, 10 на 1 пальце, 20 на Ko к e н; 100 подтягиваний; 40 приседаний, 20 прыжков присаживаясь, наклоны по возрасту, из расчета 1 наклон &ndash; 1 год (для 25 лет и младше)<br />\r\n<br />\r\nb ) Ходьба на руках (6 метра), прыжки через палку<br />\r\n<br />\r\n9. K умите<br />\r\n<br />\r\nДжийю Кумите: 60 секунд -30 раундов.<br />\r\n<br />\r\n10. Ta меши Вари :<br />\r\n<br />\r\nСейкен, Шуто, Хиджи, Ka к a т o (2 доски по 2.5 см &ndash; 18 лет и старше)<br />\r\n<br />\r\n11. Письменный экзамен<br />\r\n<br />\r\nФилософия карате , knowledge of the karate technique on the highest level<br />\r\n<br />\r\n12. знание принципов самообороны руками<br />\r\n<br />\r\n13. Знание методов оказания первой медицинской помощи</p>\r\n\r\n<p>&nbsp;</p>\r\n\r\n<h3 style="text-align: center;">ЧЕРНЫЙ ПОЯС</h3>\r\n\r\n<p style="text-align: center;">НИ ДАН - 2 ГОДА (СЕНПАЙ)</p>\r\n\r\n<p>КИХОН ( основы )</p>\r\n\r\n<p>1. T суки (основы)<br />\r\n<br />\r\nToxo Учи Джодан, Ke й ko Учи<br />\r\n<br />\r\n2. Уке (блоки)<br />\r\n<br />\r\nХиджи Уке (Чудан, Гедан), Гедан Шуто Mo р o т e Уке, Гедан Шотей Mo р o т e Уке<br />\r\n<br />\r\n3. Ke ри (удары ногами)<br />\r\n<br />\r\nTo би Уширо Гери, To би Уширо Ma у a ши Гери, To би Ma у a ши Гери<br />\r\n<br />\r\n4. Ka т a<br />\r\n<br />\r\nГеки Саи Шо, Ka нку u Даи, S Сейнчин, Пинан Соно Йон Ура<br />\r\n<br />\r\n5. Ka та руками<br />\r\n<br />\r\nTa икйоку Соно Сан (Сай, Катана, палка - 2 метра) 18 лет и старше<br />\r\n<br />\r\n6. Co стояние<br />\r\n<br />\r\n60 отжиманий, 10 на 3 пальцах, 20 на кокен); 100 подтягиваний; 40 прыжков приседая<br />\r\n<br />\r\n7. K умите<br />\r\n<br />\r\nДжийю Кумите: 60 секунд -40 раундов.<br />\r\n<br />\r\n8. Ta меши Вари :<br />\r\n<br />\r\nСейкен, Шуто, Хиджи, Kaka т o (2 доски по 2.5 см&ndash; 18 лет и старше)<br />\r\n<br />\r\n9. a ) Co трудничество с IKKF<br />\r\n<br />\r\nb ) Обладать Официальным Сертификатом Ассоциации судей (получает право судить национальные турниры).<br />\r\n<br />\r\nc ) Получить сертификат инструктора после официального семинара или теста<br />\r\n<br />\r\nd ) Минимальный возраст 17 лет<br />\r\n<br />\r\n10. Знание методов самообороны руками<br />\r\n<br />\r\n11. Знание первой медицинской помощи</p>\r\n\r\n<p>&nbsp;</p>\r\n\r\n<h3 style="text-align: center;">ЧЕРНЫЙ ПОЯС</h3>\r\n\r\n<p style="text-align: center;">САН ДАН - 3 ГОДА (СЕНСЕЙ)</p>\r\n\r\n<p>K ИХОН (основы)<br />\r\n<br />\r\n1. Ka та<br />\r\n<br />\r\nГарйю, Сеипаи, Пинан Соно Го Ура<br />\r\n<br />\r\n2. Ka та руками<br />\r\n<br />\r\nПинан Соно Ичи и Пинан Соно Ни ( Сай, Катана, палка 2 метра)<br />\r\n<br />\r\n3. Co стояние<br />\r\n<br />\r\n60 отжиманий, 10 на 3 пальцах,10 на 2 пальцах, 10 на 1 пальце); 100 подтягиваний; 40 приседаний, 20 &ndash; в прыжке<br />\r\n<br />\r\n4. Кумите<br />\r\n<br />\r\nДжийю кумите : 60 секунд - 50 раундов.<br />\r\n<br />\r\n5. Тамеши Вари:<br />\r\n<br />\r\nСейкен, Шуто, Хиджи, Какато ( 3 доски по 2.5 см&ndash; 18 лет и старше)<br />\r\n<br />\r\n6. a) Possess an Official IKKF Judges Certificate through an official seminar and test (Judge may judge international tournaments ).<br />\r\n<br />\r\nb)Test before officials appointed by Honbu.<br />\r\n<br />\r\nc) Be recognized as a model citizen and have a record of distinguished service within the IKKF<br />\r\n<br />\r\nd) Have IKKF senior Advisors recommendation letter for promotion.<br />\r\n<br />\r\ng) Youths must be min., of 20 yrs. of age<br />\r\n<br />\r\n7. Knowledge of the ant arms hand protection tricks (self-protection)<br />\r\n<br />\r\n8. Knowledge of the first medical help</p>\r\n\r\n<p>&nbsp;</p>\r\n\r\n<h3 style="text-align: center;">ЧЕРНЫЙ ПОЯС</h3>\r\n\r\n<p style="text-align: center;">ЙОН ДАН -4 ГОДА (СЕНСЕЙ)</p>\r\n\r\n<p>K ИХОН (основы)<br />\r\n<br />\r\n1. Ka та<br />\r\n<br />\r\nСушихо<br />\r\n<br />\r\n2. Ta меши Вари:<br />\r\n<br />\r\nС e икен, Шуто, Хиджи, Kaka т o (4 доски по 2.5 см &ndash; 18 лет и старше)<br />\r\n<br />\r\n3. Урок боевого искусства руками (с защитным обмундированием: шлем, нагрудник, наколенник, перчатки)<br />\r\n<br />\r\n4. Безупречное владение методиками самообороны руками<br />\r\n<br />\r\n5. Кумите<br />\r\n<br />\r\nДжийю Кумите: 60 секунд - (50 раундов).<br />\r\n<br />\r\n6. a) Получение Официального Сертификата Ассоциации Судей, через тест или семинар( дает право судить международные терниры ). Тест с Канчо<br />\r\n<br />\r\nb ) Развивать Киокушин в своем регионе<br />\r\n<br />\r\nc ) Участвовать в международных семинарах с участием Канчо минимум 2 раза<br />\r\n<br />\r\nd) Наличие рекомендательного письма IKKF<br />\r\n<br />\r\ng) Минимальный возраст &ndash; 24 года<br />\r\n<br />\r\n7. Знание основ первой медицинской помощи</p>', 1, 6),
(7, 'Тренерский состав', 'trenerskijj_sostav', 'Тренерский состав', '', '', 0, '<h1>Тренерский состав</h1>\r\n\r\n<div class="thumbnail" style="display:inline-block;"><img alt="" src="/files/images/MusaevMusa.jpg" style="height:376px; width:300px" />\r\n<div class="caption">\r\n<h4>Мусаев Муса</h4>\r\n\r\n<div>г. Махачкала, школа №7</div>\r\n\r\n<div>г. Махачкала, школа №36</div>\r\n</div>\r\n</div>\r\n\r\n<p>&nbsp;</p>\r\n\r\n<div class="thumbnail" style="display:inline-block;"><img alt="" src="/files/images/BakhmudovGabib.jpg" style="height:375px; width:300px" />\r\n<div class="caption">\r\n<h4>Бахмудов Габиб</h4>\r\n\r\n<div>г. Махачкала, школа №29<br />\r\nпос. Тюбе</div>\r\n</div>\r\n</div>\r\n\r\n<p>&nbsp;</p>\r\n\r\n<div class="thumbnail" style="display:inline-block;"><img alt="" src="/files/images/ImagazievTaymazkhan.jpg" style="height:400px; width:300px" />\r\n<div class="caption">\r\n<h4>Имагазиев Таймазхан</h4>\r\n\r\n<div>г. Махачкала, школа №56<br />\r\nг. Махачкала, спортклуб &quot;Стелс&quot;<br />\r\n(Энгельса 7в)</div>\r\n</div>\r\n</div>\r\n\r\n<p>&nbsp;</p>\r\n\r\n<div class="thumbnail" style="display:inline-block;"><img alt="" src="/files/images/MagomedovRasul.jpg" style="height:400px; width:300px" />\r\n<div class="caption">\r\n<h4>Магомедов Расул</h4>\r\n\r\n<div>г. Махачкала, школа №33</div>\r\n</div>\r\n</div>\r\n\r\n<p>&nbsp;</p>\r\n\r\n<div class="thumbnail" style="display:inline-block;"><img alt="" src="/files/images/DjarulaevDjarula.jpg" style="height:374px; width:300px" />\r\n<div class="caption">\r\n<h4>Джарулаев Джарула</h4>\r\n\r\n<div>г. Хасавюрт</div>\r\n</div>\r\n</div>\r\n\r\n<p>&nbsp;</p>\r\n\r\n<div class="thumbnail" style="display:inline-block;"><img alt="" src="/files/images/ankalav.jpg" />\r\n<div class="caption">\r\n<h4>Анкалаев Анкалав</h4>\r\n\r\n<div>Новолакский район</div>\r\n</div>\r\n</div>\r\n\r\n<p>&nbsp;</p>\r\n\r\n<div class="thumbnail" style="display:inline-block;"><img alt="" src="/files/images/Umatov%20%20Arsen.jpg" style="height:400px; width:300px" />\r\n<div class="caption">\r\n<h4>Уматов Арсен</h4>\r\n\r\n<div>г. Махачкала, шк. № 40</div>\r\n</div>\r\n</div>\r\n\r\n<p>&nbsp;</p>\r\n\r\n<div class="thumbnail" style="display:inline-block;"><img alt="" src="/files/images/Kveshev%20%20Abdul.jpg" style="height:405px; width:300px" />\r\n<div class="caption">\r\n<h4>Квешев Абдул</h4>\r\n\r\n<div>г. Махачкала, худграф Институт<br />\r\n(угол 26 и Ермошкина)</div>\r\n</div>\r\n</div>\r\n\r\n<p>&nbsp;</p>\r\n\r\n<div class="thumbnail" style="display:inline-block;"><img alt="" src="/files/images/Imagaziev%20%20Nurichu.jpg" style="height:400px; width:300px" />\r\n<div class="caption">\r\n<h4>Имагазиев Нуричу</h4>\r\n\r\n<div>г. Махачкала, спортклуб &quot;Стелс&quot;<br />\r\n(Энгельса 7в)<br />\r\nг. Каспийск, шк. № 6</div>\r\n</div>\r\n</div>', 1, 7),
(8, 'Новости', 'novosti', 'Новости', '', '', 1, '<h1>Новости</h1>', 1, 8),
(9, 'Фото', 'foto', 'Фото', '', '', 3, '<h1>Фото</h1>', 1, 9),
(10, 'Видео', 'video', 'Видео', '', '', 4, '<h1>Видео</h1>', 1, 10),
(11, 'Обратная связь', 'obratnaja_svjaz', 'Обратная связь', '', '', 5, '<h1>Обратная связь</h1>', 1, 11);

-- --------------------------------------------------------

--
-- Table structure for table `settings`
--

CREATE TABLE IF NOT EXISTS `settings` (
  `settings_id` int(11) NOT NULL,
  `email` varchar(255) NOT NULL
) ENGINE=MyISAM DEFAULT CHARSET=utf8;

--
-- Dumping data for table `settings`
--

INSERT INTO `settings` (`settings_id`, `email`) VALUES
(1, 'han20081@mail.ru');

-- --------------------------------------------------------

--
-- Table structure for table `video`
--

CREATE TABLE IF NOT EXISTS `video` (
  `video_id` int(11) NOT NULL AUTO_INCREMENT,
  `video_name` varchar(255) NOT NULL,
  `video_code` varchar(255) NOT NULL,
  `video_order` int(2) NOT NULL,
  PRIMARY KEY (`video_id`)
) ENGINE=MyISAM  DEFAULT CHARSET=utf8 AUTO_INCREMENT=30 ;

--
-- Dumping data for table `video`
--

INSERT INTO `video` (`video_id`, `video_name`, `video_code`, `video_order`) VALUES
(1, 'Летние сборы 2013, Обучение тренеров в зале', '<iframe width="560" height="315" src="//www.youtube.com/embed/mSpdY3LFddw" frameborder="0" allowfullscreen></iframe>', 5),
(2, 'Летние сборы 2012, Обучение тренеров на природе', '<iframe width="560" height="315" src="//www.youtube.com/embed/huxhfMlM5qk" frameborder="0" allowfullscreen></iframe>', 1),
(3, 'Летние сборы 2012, Обучение тренеров на природе 2', '<iframe width="560" height="315" src="//www.youtube.com/embed/l5PM02lMbjs" frameborder="0" allowfullscreen></iframe>', 2),
(4, 'Летние сборы 2013, Тренировка на природе', '<iframe width="560" height="315" src="//www.youtube.com/embed/kcD4GsKGcFc" frameborder="0" allowfullscreen></iframe>', 3),
(5, 'Нокауты', '<iframe width="420" height="315" src="//www.youtube.com/embed/OvLBL0_3TbA" frameborder="0" allowfullscreen></iframe>', 4),
(6, 'Выступление учеников 2013', '<iframe width="560" height="315" src="//www.youtube.com/embed/zY3eewLdbf8" frameborder="0" allowfullscreen></iframe>', 6),
(7, 'Чемпионат мира. Баку 2013. Абдул полуфинал 3-е место', '<iframe width="560" height="315" src="//www.youtube.com/embed/VSWC7snPHSQ" frameborder="0" allowfullscreen></iframe>', 7),
(8, 'Чемпионат мира. Баку 2013. Анвар полуфинал 4-е место', '<iframe width="560" height="315" src="//www.youtube.com/embed/moDFO7kSu98" frameborder="0" allowfullscreen></iframe>', 8),
(9, 'Чемпионат мира. Баку 2013. Ахкубег полуфинал 3-е место', '<iframe width="560" height="315" src="//www.youtube.com/embed/KIeYeT2V-j8" frameborder="0" allowfullscreen></iframe>', 9),
(10, 'Чемпионат мира. Баку 2013. Мудунгаджи финал 1-е место', '<iframe width="560" height="315" src="//www.youtube.com/embed/qckPxAgHaQg" frameborder="0" allowfullscreen></iframe>', 10),
(11, 'Чемпионат мира. Баку 2013. Расул финал 2-е место', '<iframe width="560" height="315" src="//www.youtube.com/embed/Q2wFNs57KWw" frameborder="0" allowfullscreen></iframe>', 11),
(12, 'Чемпионат мира. Баку 2013. Салтанат финал 1-е место', '<iframe width="560" height="315" src="//www.youtube.com/embed/kKNNh4U2z9Q" frameborder="0" allowfullscreen></iframe>', 13),
(13, 'Чемпионат мира. Баку 2013. Таймазхан финал 2-е место', '<iframe width="560" height="315" src="//www.youtube.com/embed/-55Y9dGVcWI" frameborder="0" allowfullscreen></iframe>', 12),
(14, 'Открытие чемпионата и первенства Дагестана 2014', '<iframe width="560" height="315" src="//www.youtube.com/embed/q9qhvy0TEe4" frameborder="0" allowfullscreen></iframe>', 14),
(15, 'Показательное выступление чемпионат Дагестана 2014', '<iframe width="560" height="315" src="//www.youtube.com/embed/hQxt337G8lg" frameborder="0" allowfullscreen></iframe>', 15),
(16, 'Чемпионат России 2014 Екатеринбург', '<iframe width="560" height="315" src="//www.youtube.com/embed/vr-PDDRyTQ0" frameborder="0" allowfullscreen></iframe>', 16),
(17, 'Летние сборы 2014. Показательное выступление', '<iframe width="560" height="315" src="//www.youtube.com/embed/gWb1j3zcNFg" frameborder="0" allowfullscreen></iframe>', 17),
(18, 'Чемпионат Европы в Стамбуле, 2014. Амир финал.', '<iframe width="560" height="315" src="//www.youtube.com/embed/Po5ZC4FKCVA" frameborder="0" allowfullscreen></iframe>', 18),
(19, 'Чемпионат Европы в Стамбуле, 2014. Ахмат финал.', '<iframe width="560" height="315" src="//www.youtube.com/embed/SZ8MOiKOX4Y" frameborder="0" allowfullscreen></iframe>', 19),
(20, 'Чемпионат Европы в Стамбуле, 2014. Ибрагим финал.', '<iframe width="560" height="315" src="//www.youtube.com/embed/Ed9mlyntLCs" frameborder="0" allowfullscreen></iframe>', 20),
(21, 'Чемпионат Европы в Стамбуле, 2014. Мудунгаджи финал.', '<iframe width="560" height="315" src="//www.youtube.com/embed/4xjkdGmo57M" frameborder="0" allowfullscreen></iframe>', 21),
(22, 'Чемпионат Европы в Стамбуле, 2014. Никамагомед финал.', '<iframe width="560" height="315" src="//www.youtube.com/embed/1_OJP4oLOVA" frameborder="0" allowfullscreen></iframe>', 22),
(23, 'Чемпионат Европы в Стамбуле, 2014. Салтанат финал.', '<iframe width="560" height="315" src="//www.youtube.com/embed/iV-SG9DffzU" frameborder="0" allowfullscreen></iframe>', 23),
(24, 'Чемпионат Европы в Стамбуле, 2014. Хасбулла финал.', '<iframe width="560" height="315" src="//www.youtube.com/embed/K6NDhm1AuYs" frameborder="0" allowfullscreen></iframe>', 24),
(25, 'Дан тест 2015', '<iframe width="560" height="315" src="https://www.youtube.com/embed/BKTbNBwJ9iM" frameborder="0" allowfullscreen></iframe>', 25),
(26, 'Дан тест 2015', '<iframe width="560" height="315" src="https://www.youtube.com/embed/3fU5v7G14LI" frameborder="0" allowfullscreen></iframe>', 26),
(27, 'Дан тест 2015', '<iframe width="560" height="315" src="https://www.youtube.com/embed/eCb8cVcMozw" frameborder="0" allowfullscreen></iframe>', 27),
(28, 'Дан тест 2015', '<iframe width="560" height="315" src="https://www.youtube.com/embed/QpXQYwVshKo" frameborder="0" allowfullscreen></iframe>', 28),
(29, 'Дан тест 2015', '<iframe width="560" height="315" src="https://www.youtube.com/embed/eMof84d_bVU" frameborder="0" allowfullscreen></iframe>', 29);

/*!40101 SET CHARACTER_SET_CLIENT=@OLD_CHARACTER_SET_CLIENT */;
/*!40101 SET CHARACTER_SET_RESULTS=@OLD_CHARACTER_SET_RESULTS */;
/*!40101 SET COLLATION_CONNECTION=@OLD_COLLATION_CONNECTION */;
